city,2003,2004,2005,2006,2007,2008,2009,2010,2011,2012,2013,2014,2015,2016,2017,2018,2019
Beijing,186.8656535,265.1617952,298.6685864,380.0860053,417.5296309,467.8786014,491.3142243,505.9294005,552.0361531,619.7764933,647.5864165,678.0298485,966.1277134,955.8752751,1790.286976,1258.058866,1017.393701
Tianjin,176.3768898,265.1257305,354.3931184,435.3265394,550.2825566,765.8179116,920.5431499,1101.560644,1310.319149,1511.914015,1676.192231,1855.686043,2058.081605,2952.646552,1010.270476,448.3401109,427.0406137
Shijiazhuang,27.91182963,38.36194213,47.37517524,52.55880788,34.25579813,45.55500372,55.60614277,24.68255894,36.82542866,84.36387148,97.73724083,99.70631281,110.8170367,117.6319846,143.327852,152.7423625,155.276616
Tangshan,28.59772328,58.21961215,70.55324628,70.46111915,88.63467005,114.639229,108.0188037,118.9238095,146.6870167,165.8452413,182.9944497,186.7857143,164.7451521,195.1328947,212.8066225,224.3641161,238.6058201
Qinhuangdao,56.50773903,73.10564861,84.98062016,94.93833321,120.0487099,140.3883156,159.1456622,172.4106833,207.7122153,215.6421703,252.2207038,275.1982379,291.306995,303.4832215,342.942953,369.55,398.7906977
Handan,9.949946913,15.58000811,17.49308608,19.62855721,18.5383105,27.33277304,35.25356131,51.05448884,66.88367347,80.57597422,88.91046278,89.88829529,78.14327903,96.83033175,103.9372027,105.3497164,112.3261074
Xingtai,8.665947501,15.9664866,21.00195532,23.94409483,21.68480451,27.6346339,28.42074503,34.81414696,2.184828335,13.34091213,60.26477913,62.8800621,28.15002755,69.06345178,76.39113924,80.00501882,85.55555556
Baoding,24.70148006,20.44970044,11.82874461,16.0512802,15.51231496,46.7886453,36.76857558,40.86958769,38.40182648,46.96783551,53.26144858,50.63095437,34.59686073,58.28169014,61.07256047,81.25331126,94.52098765
Zhangjiakou,4.846695233,8.234404873,9.951364676,7.746742797,10.36353296,13.84253921,17.41904783,21.55718179,39.96790757,53.28778822,59.29535232,69.39393939,70.9195966,97.8787234,88.09677419,94.52688172,100.1247312
Chengde,20.91293934,27.93913863,30.5773915,3.145363064,3.025429965,15.09015106,18.00704472,18.75268125,15.21506813,34.60599629,10.94154985,39.24349882,41.73924415,52.23498695,9.921052632,52.97905759,14.24543081
Cangzhou,12.3557346,12.26595619,21.06170135,19.70905406,22.31648101,22.62639065,22.97421603,31.82010973,39.84621666,47.83852767,54.385523,44.56272775,61.077535,72.44358974,80.19794344,85.88761175,91.10038119
Langfang,48.25431257,57.23923862,67.45154123,79.60828911,86.45299358,103.4486137,111.8452568,117.106582,135.3753824,143.1625115,162.2443182,159.2340142,163.9299113,170.6531915,208.5189873,219.0083507,228.8902692
Hengshui,16.54530059,23.53778936,27.75662668,20.1400885,12.50058523,12.81820074,15.78151145,22.83507497,33.34012681,41.46473779,45.22011173,47.78612461,36.99199575,52.2021978,57.55726872,64.5372807,59.28820961
Taiyuan,36.3072694,42.97463397,48.44443139,207.8120521,67.07945175,86.61133165,71.65589395,77.54582763,186.0657534,213.8655003,256.9414966,291.2442521,231.4951414,124.9027027,29.03252033,0,25.3046875
Datong,0.324412003,8.105312333,3.552706267,10.16838319,20.75172904,29.49038462,29.05576679,49.4472615,33.34901223,65.79524108,48.75555556,53.53478774,60.40098665,63.23899371,53.5,57.21383648,22.02201258
Yangquan,6.389242521,4.734008866,0.174769622,19.55821083,27.67467249,37.73774548,33.23865817,28.86526992,138.0060883,178.4708554,199.6985682,207.2072072,230.7808717,234.1804511,87.12878788,0,14.66666667
Changzhi,3.668160869,1.184826676,2.894886543,9.378319275,48.44348363,119.7831399,33.27063677,41.90142969,61.96829195,83.09729247,92.32722977,101.4209906,133.9409233,140.1238938,113.816568,116.8141593,119.9705882
Jincheng,4.055138555,3.524976437,4.540734447,23.98735606,145.1985787,137.6325646,89.74737912,60.55126486,100.2252874,118.1255729,129.502964,129.8720877,117.0023697,90.96363636,90.71493213,128.6968326,140.463964
Shuozhou,0,0.612088753,49.71856123,36.31844138,26.36363636,39.11194174,32.33144818,87.33262086,67.13789108,77.23342939,88.41743119,87.91334094,44.7897963,60.32515337,14.36585366,0,29.85365854
Jinzhong,0.984478063,0.859140206,7.833545315,10.34193548,18.31591691,21.98490091,22.025,20.36390828,20.1268172,36.93538462,55.6913767,106.816944,112.4704241,114.0662651,116.25,104.4371257,62.18208955
Yuncheng,7.466480791,3.893513525,5.212959741,9.649229521,4.163230828,50.65478574,8.369405504,11.00897395,38.87942713,39.13570741,2.586140888,3.156892612,3.420227362,4.197740113,13.61598441,0,3.449416342
Xinzhou,0,0.144868944,0.198059686,0.210119067,0,1.253050188,22.26059757,4.695171517,5.411157691,6.332258065,1.586384072,13.824,13.96319979,10.78246753,14.1038961,15.21103896,9.791530945
Linfen,1.92513369,1.05516743,0.734883947,9.665427509,12.1501019,30.17456936,26.65659894,17.73758346,20.52488071,32.01081844,32.4906367,34.76223776,36.36870341,38.38940092,41.12702079,43.20554273,2.141531323
Lvliang,0.935033741,0,3.793229592,43.66173829,38.15789474,38.81793803,9.304888609,47.85522439,49.2934224,81.22174244,81.89895913,11.02892245,0,0,3.278061224,224.9137056,35.8857868
Huhehaote,49.30571789,111.5044248,188.9784065,223.9145545,273.1479804,315.3990192,341.1883714,364.5060115,381.2268618,267.8853669,344.8205128,247.3602354,186.9813061,364.8755187,151.3374486,81.00813008,103.3453815
Baotou,50.993155,118.9117199,194.9168737,254.5407467,286.8452936,374.2652461,432.1690423,500.4549591,559.0622182,610.738255,626.6666667,500.2235136,368.1631377,451.0491071,91.07142857,79.07589286,80.44444444
Wuhai,0,23.96400663,34.95708652,3.39100346,6.247379455,13.48663766,0,55.1509434,110.0184843,0,216.9981917,104.6931408,18.0939537,4.545454545,29.34090909,29.93181818,33.5
Chifeng,2.376481109,1.178865426,1.192454525,5.577397215,6.058263578,7.062586256,10.97149328,12.46843186,7.99086758,2.454466609,2.153779884,4.534134822,18.50290729,24.22678186,36.95652174,84.78431373,2.080434783
Tongliao,4.374393792,5.664018526,8.211029935,11.58362932,15.14231499,16.40792629,8.555478894,8.559774082,15.1046548,20.63164478,21.93960149,6.934877896,6.697560823,5.197492163,0.632911392,0.996835443,9.634069401
Eerduosi,33.86041038,42.06181048,206.2744814,381.4751773,484.6794916,562.7162803,668.9858175,708.7544297,802.7812895,1005.91716,1036.941024,1080.128205,1099.669464,1226.415094,1273.291925,1304.290123,732.7743902
Hulunbeier,6.896551724,6.774217366,14.61111111,13.56126834,18.19929036,21.12815619,30.5416544,31.14633247,35.98002959,40.36036036,91.40600316,22.49341858,13.76012341,17.80694981,18.54615385,52.40625,11.44313725
Bayannaoer,22.96599103,13.34382553,14.25484733,19.26314029,22.89632474,25.27567568,27.7322562,24.84705377,27.30192719,139.2608463,45.16921397,56.23740202,87.51574127,85.71428571,79.59195402,144.6666667,149.4252874
Wulanchabu,1.201034738,1.273838451,1.599882577,1.164797239,5.487933582,22.79265787,13.40604722,27.63570483,44.36634349,59.72473868,78.22802683,70.84837545,14.57625881,288.6569343,0,7.970479705,8.178438662
Shenyang,325.4056015,349.1677115,303.9237299,431.2979703,710.7246009,841.1066418,755.0610565,702.2915509,761.3767815,800.8209161,799.1926833,311.1699507,145.2827864,111.1798365,137.3989145,191.8190349,218.3253968
Dalian,394.75507,392.3219373,531.3975908,392.3874283,547.0104983,858.2511956,1028.893639,1710.362526,1871.211555,2092.212434,2299.213863,2356.474844,455.3911989,503.6912752,546,450.1613445,107.8747913
Anshan,65.6018304,58.350147,19.95167415,38.78492621,73.710207,165.5028171,210.7121552,257.2415361,313.5836177,363.9269406,395.6289308,456.6628374,27.66941193,7.612716763,11.77906977,11.57602339,5.017647059
Fushun,30.05277864,15.46602633,18.74860734,23.57748995,30.61863043,59.97580537,140.5327703,200,94.62062699,57.61513908,239.0275229,164.3560258,12.07823508,0.074418605,13.41706161,4.942583732,14.68599034
Benxi,22.7295951,29.49029126,24.65473146,32.23844282,54.69000449,72.62623667,129.3451692,194.702458,228.2177576,301.1749347,337.8135259,395.2894737,65.38588718,40.50666667,9.033783784,24.56849315,29.93793103
Dandong,41.89536523,35.87998506,26.53574817,47.20847765,60.54365733,126.1063041,206.0789647,291.8959231,421.7669017,499.3762994,458.9570296,303.4237996,105.2991812,2.428571429,65.37446809,5.85042735,15.13733906
Jinzhou,42.70660552,16.00506757,21.55877011,30.91203105,46.91832843,100.228892,118.6530836,162.2993352,174.4404801,326.1091263,372.7002288,410.9302326,29.02234268,7.092715232,44.03378378,19.71186441,21.87713311
Yingkou,93.93542757,70.97377463,34.0085889,43.6126017,55.98520366,137.0188195,214.8187543,365.2868,468.2929936,516.0782646,572.2193548,600.6600943,21.90697275,10.36051502,51.88793103,63.4025974,60.49350649
Fuxin,11.55320692,13.67219917,6.892256591,9.555889517,13.05744031,26.84194118,33.35413741,57.24607548,77.86569495,95.48538622,107.3050759,131.4450262,8.808782393,3.582010582,128.5376344,24.26486486,11.30978261
Liaoyang,21.96325747,25.11375473,34.15746388,28.05258833,33.68960628,109.2644092,445.3782429,181.9332315,214.4627193,250.0998336,288.9388889,333.5352974,203.827671,46.87150838,19.74011299,31.2,37.26436782
Panjin,65.11777474,79.0224359,11.62458313,16.14730878,20.46163444,64.9380805,232.1206061,695.8857143,1525.213415,1250.031056,1165.379845,579.6826625,179.4503628,142.3153846,151.8769231,199.4076923,341
Tieling,34.05022709,26.99131245,5.169393489,10.41570894,28.34315652,39.29330239,56.18832909,86.14779617,99.52443424,133.0807412,183.964889,185.0794702,55.31992809,17.79,3.901360544,12.4109589,7.110726644
Chaoyang,9.176820208,7.226840855,1.724036134,7.333568572,12.14134525,14.72486214,21.40105079,32.54038439,41.84457478,53.15032296,61.91458027,73.49383441,4.06864183,3.920821114,19.4702381,17.51785714,28.99402985
Huludao,16.92885827,7.983147097,8.841151542,3.700076178,9.153211338,18.56276748,26.38254154,79.09139308,157.9772485,189.2892857,230.4394427,198.8029925,5.997857908,1.15,14.02527076,12.21376812,10.48913043
Changchun,104.5639976,124.5801105,160.0273411,190.3714525,226.2711978,270.4955284,83.94051553,92.08053868,101.5384615,486.5054829,589.869802,662.9909886,690.5005107,862.937583,0,36.40479361,0
Jilin,13.94810009,15.47766099,16.46524625,58.50292724,66.6997943,73.28024824,85.04412235,100.8133078,141.4931918,164.2014856,189.9114426,218.849661,245.9412538,273.4668246,0,2.210144928,8.766990291
Siping,0.881623657,0.909451582,5.420470638,14.6216306,15.49186446,16.18971442,17.45694739,19.67405667,49.8592788,23.93398751,81.30328867,92.67601341,79.65442235,88.01234568,30,4.44200627,0
Liaoyuan,3.623188406,5.371834167,5.746940099,9.876643402,38.52512156,81.48868888,87.34852157,162.4242424,129.3714286,108.2786885,205.0861362,216.2068966,244.205298,270.4583333,310.9830508,1.769230769,2.786324786
Tonghua,5.08354699,5.026723795,8.395563607,14.78314528,14.71067824,38.12033377,61.62867598,79.38262869,111.2876106,130.39626,152.9734593,36.51215122,194.8665762,213.3590909,236.0184332,40.97222222,0
Baishan,4.399488606,6.252870044,9.478127398,18.4951531,55.903633,72.37816163,47.10144928,104.7163947,119.5175097,65.46520719,164.7128245,189.7862233,214.0863045,244.7540984,0,0.144067797,0
Songyuan,4.48054969,3.661229432,24.71707634,24.65044391,26.66903662,31.92675997,37.4189297,43.71660059,60.95515235,82.99516908,97.80918728,112.3339318,126.2559787,138.6942446,151.64,8.6,0
Baicheng,0.169305846,0.500992063,3.040674603,4.757905138,9.338195437,13.06554953,32.00275631,38.24516384,43.1654321,50.85,62.70215972,71.83518706,80.88167997,90.7357513,1007.136126,5.263157895,0.656084656
Haerbin,23.68517568,41.74267957,37.54872594,32.35414117,37.67775392,57.92839391,61.00443727,70.57317393,79.93959529,191.2440866,227.3331994,275.6254431,311.4576074,333.3991684,360.4376963,383.7279412,0
Qiqihaer,3.574332816,3.924055219,4.430959263,7.257465983,9.147587179,11.56535488,14.49891525,14.58696379,14.60521678,62.3001252,74.59605027,86.37563268,86.06272411,93.36029412,95.24157303,19.27169811,21.13662239
Jixi,4.035989717,4.661104244,5.502142335,6.046950325,9.502878074,11.92098093,12.71564155,35.20613108,44.46797247,54.3302851,54.12647374,55.01089325,77.27022565,82,89.90285714,95.49132948,0.295857988
Hegang,0.108518719,0.500819523,1.528940663,1.884548532,5.625171499,9.27703135,89.73585595,0,40.79044118,47.93548387,55.65862709,65.42056075,72.90976233,71.94230769,36.93069307,1.01,1.479591837
Shuangyashan,0.464067887,6.123933602,0.199707096,0,10.50917309,0,6.498242822,5.884681356,22.08333333,26.19015957,30.49399199,17.91275168,1.356576002,0,33.85106383,9.19858156,0
Daqing,7.130670803,9.194569446,11.65368031,16.44634237,33.90035119,42.19601053,49.95895349,123.6132952,149.8934659,178.647017,212.4274593,246.3768116,266.6473065,0,0,144.8754579,26.5625
Yichun,1.407367531,2.716678243,5.326500505,7.71880382,4.898119122,11.72921727,21.75005891,50.94131548,65.95407759,45.33546326,53.00324675,7.770491803,8.664081195,3.889830508,4.310344828,5.149122807,0
Jiamusi,0.559800597,0.845093203,0.714198261,6.95434949,10.29417635,18.67747576,20.32823278,44.52675546,60.1996008,27.90639365,86.74101611,95.27754764,101.0313618,8.323529412,5.042553191,0.931330472,0.420600858
Qitaihe,14.8673376,16.51730006,0.373176524,0.718535983,1.43000782,2.183551319,4.387194136,14.96877019,14.42286947,30.58441558,7.119565217,13.15192744,9.264829744,31.625,3.316455696,6.551282051,0
Mudanjiang,8.432708688,15.25429998,19.89485543,23.3732334,28.09546752,40.57428677,40.99863252,45.33545498,109.5172156,50.78197227,23.07335907,188.2840909,176.6068702,208.8532819,224.9058824,240.4325397,2.54
Heihe,0.4897724,0.459585224,6.76975945,6.219378639,7.943898373,24.12880966,22.98949544,54.27357787,36.05383734,83.42013889,88.86297376,76.82111437,78.89880952,72.81595092,0,0,0
Suihua,2.433843384,2.760846181,3.328705187,4.294252065,5.434971349,5.370755371,5.586486254,5.672028795,22.3509194,26.92998205,34.69974829,41.77331887,46.89334549,51.68876611,57.68371212,1.446564885,1.454022989
Shanghai,436.0076615,483.6422925,503.5544675,519.479124,574.3541766,724.9446457,752.3631042,787.4582248,887.7377765,1064.16217,1171.512951,1262.662821,1279.252514,1276.812414,1168.950515,1183.316689,1296.658271
Nanjing,386.2467889,439.7464016,237.9624035,250.1704461,317.9885607,379.852993,379.8196167,445.2752917,560.3205531,646.8770556,627.0595553,507.2760906,510.3443526,524.7918552,539.3142438,552.8536585,577.5464789
Wuxi,610.2431419,468.6307833,443.231605,601.1970293,600.2880409,682.1434726,687.8728659,707.3195302,748.8888889,852.9100191,707.0859805,608.757074,665.8744022,702.2078189,745.5273834,742.722334,719.6361829
Xuzhou,37.52228556,35.90227409,28.15921151,26.13909899,47.06945109,61.5201825,72.8699575,104.1536042,150.0655268,171.6516911,149.0187705,161.9794822,138.8043161,144.6436119,159.7603465,181.6727273,200.5729367
Changzhou,247.016348,166.2033986,207.9458522,352.8491274,513.4058985,568.6625411,717.5782336,740.0221729,841.1077432,921.2527412,964.7444657,653.6055345,463.9746528,666.72,584.7176781,634.0026178,682.6285714
Suzhou,1151.515305,840.4675628,842.396799,990.8794312,1147.400029,1291.404526,1299.014669,1338.504846,1403.741242,1414.773078,1330.383909,1228.222659,899.5712208,885.3982301,651.7973951,642.7528409,638.3748271
Nantong,93.99449603,142.7183086,198.6897751,334.5029164,406.9087492,384.5781176,262.8707419,270.0886069,283.231795,288.2148458,298.4253098,300.2592496,301.9927749,311.243807,317.1020942,338.3224115,350.6947368
Lianyungang,45.40110724,52.59913398,58.19814478,72.08293354,153.0120482,191.5576037,211.9517365,221.2364133,120.7165479,143.5499022,167.2241446,181.2687559,150.9876357,103.0786517,133.0243902,113.005618,114.9850187
Huaian,19.30296969,22.99545854,12.82945222,21.71521886,53.62734082,84.67899648,114.9805302,195.1832053,298.2253314,387.8822238,235.477396,213.933607,215.0518204,204.4630282,210.0249554,210.7183601,187.2392857
Yancheng,30.01468908,19.27769705,20.2624363,40.41355486,100.1296632,116.2903007,128.4833266,159.7252855,205.6537102,256.6913911,188.1318281,126.4115872,96.03396012,85.04091456,95.47457627,110.6824242,111.2228989
Yangzhou,106.0316131,179.1762971,115.2264908,165.9231641,190.5606968,374.0903456,493.8164778,560.1041122,456.9963052,466.4223386,426.0113093,300.8367657,183.9889833,260.5887446,262.6369565,265.8910675,303.6236324
Zhenjiang,301.4783487,226.791662,222.6747879,271.7511812,395.6916437,447.1295159,533.8706092,596.4389938,664.7885252,815.806927,1139.359823,475.9573686,480.4210991,496.5735294,499.1402214,320.199262,244.2851852
Taizhou,60.09808204,82.4870219,90.92122299,130.6890389,149.9460755,209.6029068,209.5837136,269.9970276,279.4833366,286.3704581,260.4549035,184.7492625,209.8060451,264.6614173,337.1128713,299.6640159,293.1417166
Suqian,3.80852956,3.034138857,6.377016052,9.175212949,13.79790416,17.69239403,20.64927858,33.08010544,34.17582418,80.66036052,88.96171998,114.4825211,50.89547656,75.99324324,61.51269036,63.76311337,75.26351351
Hangzhou,156.8966054,216.3362386,259.3292452,338.4850895,416.7189708,488.6872085,587.3306213,632.1496982,680.7409543,708.152748,746.7209171,884.9678681,983.0046299,979.5040761,876.6591512,881.9870801,770.8402516
Ningbo,314.5810188,380.5605312,415.1194539,433.6122758,443.7402579,446.7408333,386.2228994,404.7101449,487.3854962,493.7718539,564.4312306,689.4724221,721.7808616,763.676819,675.0335008,716.4461028,388.71875
Wenzhou,16.12464299,28.0303944,47.59289865,61.1688346,80.76827498,33.90587961,30.09587863,22.33604474,12.79433868,49.78255436,62.1283449,65.46270124,37.13341798,29.74327628,43.42060606,63.09650181,91.15625
Jiaxing,239.572321,306.0040726,345.9635689,364.1126509,493.5364152,402.2096016,392.991755,471.293911,501.5039347,517.1523948,637.9762937,716.9692617,768.0754263,764.8863636,841.1573034,872.1666667,1133.354396
Huzhou,209.2608459,237.6307298,252.6283097,293.543759,327.2420481,310.2746615,312.9027279,353.5079622,360.1608579,392.4980872,403.2761905,373.0818802,357.1650677,377.8528302,395.9398496,476.1910112,708.511194
Shaoxing,171.1944496,189.4184763,207.0721,223.1641791,253.2459197,192.26422,185.3086307,217.1903124,182.8818182,216.4246824,182.8888386,151.5349887,212.4799711,179.8449438,288.4887892,302.3288591,146.7388393
Jinhua,57.23366896,95.1582909,100.7971286,111.6746935,110.2158148,111.2242908,86.33971705,75.56627022,49.70155617,60.16574586,52.60878749,58.59818985,57.37622623,71.37006237,88.56790123,65.14110429,44.01829268
Quzhou,8.450761753,8.468710557,12.38750662,16.15453219,16.37200291,23.35945349,25.53429921,24.82486865,17.9770388,20.04351266,26.02675059,27.41102855,23.42616429,23.77042802,28.66666667,28.80232558,30.15116279
Zhoushan,17.54530478,23.22773708,32.25472966,51.80161524,77.73296101,163.8420998,109.4864111,69.43267542,111.2164948,188.6728395,215.1079137,204.7384615,80.03286771,216.6701031,417.7113402,430.5360825,516.4226804
Taizhou2,39.06552542,54.49704994,60.33759043,73.23699217,54.70766961,41.61585897,32.5098968,22.64636279,24.37116564,80.40609137,67.34175084,46.39926311,19.47312926,56.13833333,73.39735099,47.75702479,102.5897858
Lishui,4.991980754,8.182398468,7.729026612,7.626816616,8.787747549,31.71906197,11.317456,14.44637011,17.62833267,39.55064737,48.44259189,67.13586752,82.16082288,82.57462687,80.53903346,39.5962963,44.57195572
Hefei,33.38498736,40.62249622,46.31255777,84.51331751,114.5428458,148.2729749,116.5742134,184.2902895,256.7497522,233.1386348,269.550246,306.0844557,349.2699103,387.6383562,406.5100942,426.121372,440.4545455
Wuhu,93.82539541,97.21677948,113.3550776,149.290486,200.8331164,247.6190476,286.1190787,322.7668845,270.0492994,349.4131455,426.8686606,521.0403121,597.889758,647.2809278,692.6030928,749.722365,748.7179487
Bengbu,23.38155568,28.88434159,33.2407752,40.60203705,56.73994427,64.7511931,66.739685,75.26157414,138.870041,220.0081566,276.2193126,336.8552951,369.8605022,395.7447368,422.4750656,364.1796875,362.6943005
Huainan,38.35913897,8.048634301,62.04936805,75.72509458,69.9022638,43.25390236,49.57116939,40.62871429,65.96905537,89.14273995,101.3645705,82.55957272,84.471974,57.32133676,61.17692308,73.14102564,79.59079284
Maanshan,24.17600129,42.6642013,38.18847501,68.24681994,261.4514609,325.2849336,445.0509292,546.0108443,433.8232721,586.4404553,764.6891419,775.2244718,849.02407,914.9825328,994.069869,1085.10917,1161.061135
Huaibei,15.00931647,16.73432351,2.59832795,15.933082,29.58300183,41.42181852,61.59639938,87.57970486,135.8115419,173.0920751,214.1445221,252.8146772,277.039261,298.5253456,313.9539171,117.8761468,131.4200913
Tongling,64.10943449,73.00013961,83.13486569,136.8212283,156.1982349,271.7959128,351.7502365,430.1851101,320.8490566,449.703504,543.2614555,265.2710027,302.4932249,142.122807,158.0409357,191.8479532,233.9181287
Anqing,2.210839392,2.714333002,7.421352489,9.509944233,23.13622154,28.6012152,26.82015977,38.29635165,44.11023113,52.65473888,72.66848963,42.94733451,29.34094197,34.16635161,36.41996234,48.28409091,58.60113422
Huangshan,21.13538901,28.77348821,35.80372941,44.57847655,69.5229085,87.42163802,97.06594886,117.6224249,141.3706955,148.9002037,171.6485753,188.4698714,108.3079423,108.4594595,117.0337838,134.3221477,143.7248322
Chuzhou,9.273802374,10.72433679,5.585143015,29.56430828,43.48589963,25.47108657,20.7240422,26.05368234,80.10598366,118.8652953,161.5038932,205.4114769,235.7947713,251.907489,269.5044053,306.6740088,327.4395604
Fuyang,0.723371308,3.015130075,4.708606716,5.971024816,6.702316559,8.430941799,4.83958021,8.778067679,6.324819653,10.10963647,12.75446259,15.65626783,17.70776387,19.12335217,20.49906542,38.48085901,42.09377902
Suzhou2,2.035162493,1.477651768,4.49943757,4.02662557,8.867897014,11.5116762,17.34913963,20.8699986,43.12894777,56.8497775,76.0710391,91.80445275,104.1138705,111.6712538,119.679878,139.7336377,149.287234
Luan,0.797610157,2.639452558,2.198237885,5.071862304,8.327701974,15.68610684,16.2093244,19.44326211,31.35005637,42.11882303,42.42081764,48.84247051,53.9478634,64.75127768,74.46598639,85.40916808,92.84263959
Bozhou,4.64365855,1.493576704,1.110626386,2.225585329,10.59370554,14.53538733,19.51820146,27.56841334,44.24528302,59.19523343,75.49849897,94.08417402,103.4034176,111.7140649,119.9139785,137.1506849,145.4238311
Chizhou,13.23349041,19.54311454,24.03557034,35.20911579,51.45551196,66.74636632,74.63097323,100.754082,112.0012392,129.8147004,161.8777023,188.4184309,214.7329992,223.037037,240.7777778,244.3703704,248.2901235
Xuancheng,13.88130845,13.31770566,22.56177804,30.75380183,38.83357558,46.50406504,52.95388271,75.7831585,111.6499642,156.0264664,204.5074946,246.6118656,284.3579211,307.0571429,329.95,402.8566308,431.0573477
Fuzhou,215.2531164,223.242915,104.1214645,106.0957397,111.0820244,157.480934,161.8180963,183.5020901,196.7123499,204.2987944,218.2090008,229.1465402,247.4379386,264.0058224,286.4747475,110.8065434,132.5577465
Xiamen,876.7353273,388.5262656,461.7282339,595.2176082,760.3025592,1176.040767,952.960452,941.4183453,931.279007,835.2697748,943.1300813,969.0314651,991.5841819,1006.339367,1029.5671,709.8765432,758.6015326
Putian,83.05393586,83.89093783,105.0162396,30.80105548,38.79327016,42.98572511,126.0974312,70.94022377,77.37825421,77.61615548,90.26032316,99.91793669,109.6525882,114.3428571,127.9239437,35.08333333,36.72802198
Sanming,27.2211014,34.02254236,53.08246,18.98451459,19.85157699,24.43087174,27.52158194,31.66135005,33.65398683,37.56382203,44.88330341,49.41197183,55.03308461,59.54703833,64.03125,13.76470588,6.716262976
Quanzhou,149.9501977,164.3638769,179.7606566,137.2553699,160.9233416,250.822599,252.6253947,217.9316182,234.2436548,190.3635314,197.742715,207.9726333,218.7500865,222.9863014,214.5471698,78.9192053,84.05519054
Zhangzhou,165.2589606,116.4513086,133.8653606,87.25878817,97.24033686,106.832444,116.6203871,147.1072298,185.1815526,184.507772,193.1603677,203.4720547,216.1010198,229.0669291,236.6964981,157.975048,105.8084291
Nanping,90.84310441,100.154397,110.5713443,13.22763455,15.6040871,19.00821082,19.88713318,22.55176808,24.86598596,27.82096209,33.23101266,37.59398496,45.4292503,50.61993769,73.4984326,18.146875,25.41509434
Longyan,16.17954799,31.73391874,54.26210647,26.72161937,128.153527,46.08994164,51.9004602,52.50501002,58.61402914,66.87269063,71.05089227,78.4174536,84.03904583,88.43312102,93.5221519,14.05015674,15.03459119
Ningde,23.28964734,30.61761645,5.280861083,6.592502286,6.554896502,11.38405516,16.8834648,20.91522527,27.97647059,35.08033888,41.56682028,49.58262351,60.20291184,65.68181818,19.11111111,5.124293785,5.842696629
Nanchang,129.4451716,158.4930229,191.226298,217.1336474,250.4895076,285.1090494,318.2896668,401.7919363,452.9445545,519.763733,581.1350716,620.8576396,520.0180637,585.9502868,736.0342857,655.825188,703.6492537
Jingdezhen,69.39312205,9.410905227,33.8217743,38.65382112,50.01280574,55.39404664,62.8635626,74.38097573,44.70230863,70.55788842,84.43776308,92.4135876,105.6858394,111.0769231,121.0828402,131.2294118,138.4502924
Pingxiang,22.0771914,28.46123966,33.90660656,35.08270594,52.3260222,69.90902729,74.56802011,81.75873252,94.53494482,116.6580042,131.642562,141.3319879,155.0771403,168.32,183.52,200.555,213.01
Jiujiang,71.32455225,66.26220903,69.26640927,72.23432839,86.20459569,90.05921555,106.0464737,133.6285674,153.7778662,194.3098702,242.2889195,282.6076788,315.5674713,346.7557692,381.6076923,415.3403442,447.0419048
Xinyu,33.97347965,46.73735726,64.69472543,110.6129348,260.3337725,365.8685065,343.7204077,450.0127108,497.3450586,452.3070539,258.5514403,282.5919869,296.0006477,321.516129,356.557377,380.064,407.552
Yingtan,24.35209603,32.06667862,59.37921727,71.39442231,69.86074848,87.70993024,92.46369554,98.22834646,119.1229508,135.9274194,154.1218925,169.9448385,188.6767248,206.71875,225.7890625,244.875969,264.5271318
Ganzhou,57.29788258,63.73795305,72.83992953,78.54496894,85.29827602,93.36858091,98.10477263,92.10047726,101.1238157,110.5481817,119.2396338,128.0695871,142.6282752,156.069001,171.1889117,187.9918451,204.6612411
Jian,22.04881001,32.57259188,40.23582064,46.17736354,52.84124072,61.93302421,70.49887549,88.89180672,100.1714514,111.7665678,134.4077784,149.2025821,166.5321668,182.1925234,199.6921642,217.4860853,234.512963
Yichun2,16.06640244,24.6131887,40.2124316,44.14020125,49.55758779,53.97540306,59.30680826,64.79486674,75.98694655,83.17396615,92.03943954,99.56346541,109.6165765,117.8887043,128.1993355,139.6214876,150.2698675
Fuzhou2,17.05618037,11.43173958,26.90986337,30.56178019,38.17969359,39.10868107,34.07075212,37.52846817,42.79126214,46.97223552,52.64299333,58.72280702,98.08154678,106.2543641,81.92343387,89.12962963,95.13163972
Shangrao,13.05181174,19.77811668,23.60650888,26.92463651,36.92342649,41.97529141,47.9094292,68.11151784,79.13356438,88.80178877,99.68803475,108.5396456,121.5276343,132.8094629,145.6526181,158.3105196,170.1588903
Jinan,101.1904762,78.64411999,89.65947189,108.3368808,94.70966858,138.2944037,146.5579387,178.815496,206.4558342,182.2188987,194.9013247,199.6530558,227.2024402,245.2952756,272.4230272,344.3248408,281.3663739
Qingdao,390.5755675,519.6369953,493.4809896,488.1568764,502.1860447,347.044225,244.3205054,372.2709654,474.0996868,597.7481809,713.7482228,779.0161414,854.3871075,885.300885,963.2627646,709.5036675,703
Zibo,84.85743332,87.16113641,76.5266214,88.37682061,102.9695655,112.9784604,91.97456159,106.1606213,106.1137329,118.0670286,123.9125323,127.1471963,136.8482309,147.0115741,164.8614319,206.09447,72.75806452
Zaozhuang,12.86837475,21.36733408,27.70441365,27.76568003,31.5763171,46.05991024,55.91147651,61.12063013,30.3652968,36.07142857,40.02525253,26.05282831,24.46231944,25.43341404,21.56698565,25.43735225,34.15566038
Dongying,148.9395396,112.7942739,117.0581717,76.63073369,85.29684854,97.63004838,89.41979522,113.4581057,75.45698925,87.50404313,103.3957219,113.749339,116.4305949,115.5647668,119.0923077,80.06598985,123.1565657
Yantai,317.4181661,287.036579,393.6151162,331.5378935,179.9300045,162.3256456,166.4156442,177.1262708,205.4173059,216.8799016,246.6170147,270.7422712,293.3474161,314.7679389,328.2125382,407.2905199,297.1730475
Weifang,59.37289875,119.4592371,59.62919502,80.36104713,72.13227335,56.22739078,78.09759751,82.56654993,82.22310848,87.39560815,91.76690452,1010.954632,112.0229157,118.1254162,127.1354626,144.3293217,76.18736383
Jining,28.81498079,44.73015082,30.77390851,44.12500154,50.9208452,47.13217867,50.04150076,54.30411729,86.54781582,90.90780309,97.91814107,103.0670852,105.7110578,57.82762557,67.29671574,24.89450056,50.51006711
Taian,27.42079795,55.53959451,47.9374705,13.57440638,13.76764387,30.25490337,15.76201357,21.40895137,17.90705987,30.3846842,62.85254116,73.47323493,87.61379505,90.69420035,101.5131349,120.9179756,80.11867365
Weihai,443.4842305,452.5786062,554.0607812,522.5233159,532.4862583,208.5992943,217.5633474,218.8478372,286.4775414,315.5086751,362.5610717,397.2527473,439.71737,473.2226563,502.2734375,333.151751,475.6692607
Rizhao,47.65871876,38.22732459,57.39590359,48.00283286,81.007834,180.196106,127.2956327,121.3392609,131.4878893,146.2061784,182.6645984,194.9676761,195.4688292,192.86,205.9539474,69.06188925,60.68831169
Linyi,23.98991148,47.84047919,26.22247529,32.74862378,41.36739659,29.30389475,29.29796263,30.44682061,24.87049029,21.7115704,28.31071167,30.56683435,12.65969183,19.95442594,15.68846816,19.80762712,32.54621849
Dezhou,61.52155599,55.93300564,18.14052802,18.01380299,24.18501967,29.09480849,24.38797209,20.76712617,33.04340278,36.52467532,37.09744299,26.84327846,20.22068214,20.40303541,21.88403361,34.73913043,26.71285476
Liaocheng,21.64573577,29.73607556,19.21510097,12.12422751,17.7494619,20.28346241,28.638156,16.84266899,18.78682555,19.37931034,27.28368201,17.36480967,9.1274305,10.61769352,16.0921875,4.992248062,11.21020093
Binzhou,104.350676,48.87774465,25.1959596,40.75195627,67.41348003,80.0282155,44.82767755,82.03323455,273.9007092,142.0136519,79.66194969,98.92423067,105.43861,104.7066327,67.58121827,48.91435768,54.57286432
Heze,14.74950541,13.99357322,5.347527178,7.832523199,16.45373004,11.74641824,9.064974879,12.36754276,8.317640973,17.24119921,22.78642298,22.05532001,21.78134907,24.64827586,10.60549558,117.8204878,18.8791423
Zhengzhou,44.04979805,36.06049318,49.35854053,88.77129059,141.5991287,194.6582176,222.0186747,197.3156802,306.9003069,319.7184149,361.4166032,387.0782683,472.1353749,487.6723096,480.9608076,487.3611111,499.4807256
Kaifeng,3.13404657,3.740839924,4.72860746,6.3221738,10.29804402,12.55786144,12.35155746,24.09201421,43.15605447,45.49963262,79.36720304,89.79414951,110.0606673,29.97316637,118.8300537,128.4053571,128.0035651
Luoyang,1.513799527,13.75239508,17.49238563,31.90445371,94.18386214,131.0648216,131.7445927,171.2411519,248.6288848,280.7538397,321.0631229,346.2008044,350.5676436,364.7191316,366.165536,397.4175676,390.3651007
Pingdingshan,5.41391507,6.963433379,8.749123686,11.44066962,17.59241339,23.87105394,26.37500939,30.37491429,56.05392603,68.47140762,84.31255814,65.50529528,72.26342279,76.09330986,77.74603175,80.52807018,88.5754386
Anyang,6.002175789,8.43179377,5.175627764,8.589488893,13.32559386,17.93891112,20.52306511,26.47230822,26.04670841,53.24283305,63.21760797,70.06705921,79.43963074,79.99361022,80.47596154,84.0877193,87.71860095
Hebi,8.358963844,16.38782504,20.08637874,26.28442797,35.76898118,67.05971852,92.79053758,138.7287874,218.7873248,269.8283262,336.2447257,400.1497903,456.7203982,478.7882353,480.8176471,493.6140351,513.5204678
Xinxiang,8.129467974,8.104939697,10.56921996,17.36649496,26.22765564,38.7825025,42.37756383,54.48613917,86.62204082,103.0794165,118.4144,137.9666931,149.1465863,158.3421053,168.0803709,1151.397866,183.0722892
Jiaozuo,8.806843235,10.01447178,26.56875834,34.18748064,44.37243344,15.5266436,54.28657567,78.34356828,131.8027027,163.3623741,179.937466,197.1049784,211.8354498,221.2112299,223.1590296,229.0589812,237.0348525
Puyang,8.342308011,7.960050073,9.894895299,12.18594617,15.56734377,2.957803352,18.56909604,21.96276505,37.8012482,75.95774982,93.40762042,114.7632509,134.1320715,146.1986143,148.7175926,152.6206897,159.0576037
Xuchang,1.646182829,7.007811113,9.300497773,13.91966463,18.5562454,24.49107422,38.10927227,43.45437464,72.65938069,88.98219344,106.4388778,119.4977991,134.8931196,141.0803922,143.8070866,149.0530452,154.9217221
Luohe,19.21682099,22.34641148,29.25076453,35.63636364,63.36736588,87.964965,90.46256384,116.0448163,154.8154848,225.6945455,256.750547,295.8267717,319.2583197,334.6914498,276.3820225,314.0524345,365.2238806
Sanmenxia,19.00860118,25.78709302,32.39841784,61.43453915,82.56609436,102.8196232,114.8065865,173.0308294,279.9157801,330.2609465,382.9673721,420.0131694,441.6568099,464.1746725,473.2719298,490.9162996,510.5903084
Nanyang,3.311898936,3.577394471,4.456326334,6.084699305,7.472197815,10.13846167,11.39347843,16.94713868,32.44816388,34.57017326,43.02988898,53.44845099,52.21708035,54.57824268,50.2475,50.61550889,55.82082324
Shangqiu,2.647349041,2.742404731,10.54827663,3.549120143,7.958773083,7.990145487,9.254888184,11.31251294,18.13120414,26.33122792,29.3326968,32.53343161,34.69602222,37.10235415,36.87234043,38.51251251,41.89850746
Xinyang,2.548046328,3.242121155,4.203834335,5.606939245,7.211123886,9.276984418,11.01638811,19.18365471,32.70933151,40.88049579,49.12421493,53.70844564,52.23840706,57.72577093,58.65422613,60.76644737,63.02631579
Zhoukou,1.912197119,3.133309575,4.100637298,5.321125265,6.23371503,8.902599152,9.398720541,12.87458652,23.40088817,29.56475757,39.12451362,36.29234376,39.41977739,41.03891978,42.57313196,44.63224782,46.62211615
Zhumadian,1.273129939,2.877732347,3.733663732,5.184619003,6.711768884,8.365889179,9.581620148,14.163187,24.77637036,30.04893238,35.25669643,38.44449272,39.67213819,40.96838778,41.54942768,43.7873444,45.66804979
Wuhan,225.4957181,193.4126479,217.1321254,244.4225978,271.6702286,308.8401901,351.2668302,393.5140368,454.563588,540.8591944,638.6218222,749.2542004,885.4812064,1021.888489,1129.613583,1236.067873,1358.604857
Huangshi,60.71470785,78.64820336,88.89065165,94.35445825,103.664983,119.6999728,133.4313119,126.8547705,125.3517878,161.667304,186.8089973,207.4688797,47.3672426,54.07407407,58.26568266,66.46520147,79.92673993
Shiyan,8.953734147,10.97164926,5.40910149,9.982683983,11.78696325,14.371991,16.23067776,17.75531584,30.78358209,38.03757225,45.03893856,52.00864553,68.81251084,79.74712644,88.39017341,95.27089337,25.12716763
Yichang,84.26768122,84.3169728,50.55669793,49.54651076,35.15169631,39.94960457,45.18524055,51.81783967,46.43931795,57.33333333,67.48812797,77.7997003,89.0300869,99.36294416,65.39285714,70.65306122,77.21483376
Xiangyang,11.41494106,13.84487793,6.280101175,16.04008293,18.38487973,28.96745268,42.57743513,55.16436294,52.71226415,73.63299663,90.3142329,95.62720403,123.0264715,138.7643098,154.6621622,148.6739865,162.3677966
Ezhou,48.12613822,56.26661603,27.25268405,62.3167982,75.46023736,87.39936342,98.04177546,114.3278628,126.142596,150.3656307,147.5409836,191.415608,221.6882764,244.027027,263.5675676,34.74774775,39.28571429
Jingmen,20.90818363,22.87198391,28.78001855,30.14683441,34.49777272,39.68211656,46.14515861,54.29094541,61.89797946,71.63744625,87.35039894,98.43156843,113.6781571,125.4333333,142.6360544,157.21843,169.5429553
Xiaogan,12.91780472,14.61553628,16.76844331,18.52909744,21.86121217,26.43697863,29.67109867,32.55625647,37.89752316,45.11861833,63.94387562,59.08502948,65.53145419,71.26003824,60.72254335,67.52702703,74.91067961
Jingzhou,8.491818462,9.471809533,10.75939498,13.50332252,15.35971278,17.74639332,19.77041009,8.508440069,11.21020069,13.5986733,16.37518911,18.5269552,20.67040843,22.22910217,4.638629283,4.52574103,7.784929356
Huanggang,6.827652822,7.857201861,9.680572766,12.92561802,16.09756765,18.18157086,20.79339111,18.29582037,3.092590111,4.875701684,8.996267662,11.72106825,13.9128449,17.30923695,5.574324324,7.233468286,7.917344173
Xianning,16.26544984,18.66560763,3.957068517,21.92291312,21.3996085,33.45130287,38.65739944,53.0622766,57.9343041,70.97683787,82.10981697,19.83136594,21.55054758,23.01973684,10.44078947,13.21639344,12.12131148
Suizhou,1.915009323,5.820270061,7.111761912,8.182649128,12.56736026,15.25125922,17.0772394,18.61114342,23.95142637,28.08485792,34.06055901,38.73201089,45.41578675,51.02380952,56.32,60.64940239,67.24899598
Changsha,83.43691837,82.10295226,145.2731431,190.5832013,235.984373,279.151812,311.9446278,342.9751686,396.1559549,450.599455,513.0401328,591.1677093,647.5601152,691.6436782,740.538787,792.8628258,863.6395664
Zhuzhou,24.10867238,34.45663602,43.31999033,51.43008756,63.02255876,78.32863409,94.46969697,103.0594204,125.5493102,147.1121779,173.4634635,208.0358495,233.7312618,260.2227723,279.2605459,336.0099256,382.0671642
Xiangtan,39.41424671,49.74895693,54.95600141,63.88012618,77.28049197,97.28222048,118.6310371,139.4698595,166.7137444,200.688828,240.4035874,284.1269297,318.01998,363.8034483,420.9027778,470.7647059,534.3287197
Hengyang,21.30270346,21.24348008,23.8648787,28.09497591,34.79310723,46.86106628,48.88618546,51.3390263,62.3876475,75.45738565,96.97798702,113.6576121,129.6220301,143.3779725,160.3925,177.9612984,198.2835634
Shaoyang,6.212876357,6.183587941,7.379032258,8.708583984,9.635805763,9.891392274,9.192032874,9.893320906,11.42319749,20.71633595,16.99492763,22.4993895,23.37557982,27.16506024,32.23002421,36.51570048,41.23002421
Yueyang,23.30295739,19.4918296,16.10695348,13.39149805,18.53980182,23.94516872,32.86317749,33.0133305,32.80393535,39.59860384,49.1125,58.43777738,64.32963022,72.74605954,84.86419753,98.19332162,112.0368421
Changde,17.73075641,21.60885118,20.11719398,24.91649527,31.0789392,34.52520516,38.32881999,40.2304569,49.22486815,65.24324324,83.63636364,99.63693116,121.6651893,145.4811784,176.8646865,206.6132231,234.9817881
Zhangjiajie,9.807533507,11.44382987,7.075943043,7.637039331,11.74949196,14.01920272,17.54704423,22.06980273,25.27315914,31.2345679,39.21006437,47.0656595,54.42136848,59.52631579,69.41176471,76.83529412,86.91715976
Yiyang,11.87049572,15.95682041,7.488059053,8.92224622,12.89199355,17.10644485,19.52821167,21.17096314,25.61102987,29.70533306,35.41666667,43.10016556,46.02969926,49.47727273,57.36534447,65.25523013,74.68498943
Chenzhou,46.02104246,43.43798475,52.93785801,57.78368105,71.00066468,82.81953291,98.11547715,105.3578186,129.917078,147.1989015,198.8049209,226.8812645,256.3329358,284.0654206,320.8838951,356.1962617,396.1235955
Yongzhou,8.893367213,23.29754118,26.75434019,38.88484848,47.4989658,52.38037783,57.10292162,64.43134365,72.87705957,87.40931807,100.4063604,118.9728959,130.902909,147.751938,168.5202492,187.979845,212.5139752
Huaihua,3.899212854,4.18542672,3.80239581,3.83,5.282763292,8.026486423,9.968951423,12.31264223,13.85004869,15.83543078,18.2815534,20.75356803,21.99486516,7.829827916,9.657088123,10.76335878,12.41984733
Loudi,15.48936592,17.12910392,16.76155885,21.91049413,15.40661348,14.89416928,21.42296626,27.90364674,38.54520422,45.22613065,64.06748746,65.60125871,77.06276524,87.85871965,101.7621145,118.4615385,134.0879121
Guangzhou,355.8736331,325.4327816,352.9265985,384.2925124,424.8060713,462.0055092,474.8672321,493.5395837,524.1836484,576.8113827,577.1777003,606.2523742,634.0907761,655.3103448,700.3864143,712.4008621,748.793501
Shaoguan,96.86517389,117.4206575,33.19211699,37.28459041,46.73246365,56.39295552,58.21097254,64.72416946,72.15650591,52.58499234,57.72865854,57.91856579,14.55740286,15.15568862,15.77014925,21.81602374,24.09495549
Shenzhen,2400.45054,2187.52498,1631.946353,1660.824061,1724.361993,1767.080282,1691.33599,1653.611421,1716.763718,1818.303199,1760.995169,1747.347983,1830.28536,1748.641558,1701.43908,1802.859341,1417.321234
Zhuhai,1147.927335,591.934548,743.4151786,889.7117565,1075.222071,1148.210696,1149.829518,1168.140157,1261.924528,1357.242026,1553.683241,1752.259528,1936.763006,1995.356522,2044.571429,1883.409449,1822.706767
Shantou,41.65978871,16.05677716,21.61452503,28.18209347,34.26780081,38.29283219,39.9682807,48.75503234,65.28711749,24.49052355,27.44814815,32.58873033,39.5414744,16.25223614,62.89380531,16.93673111,17.6048951
Foshan,355.8796189,491.4731112,261.9837508,317.5445456,435.5959898,495.8280727,509.6618883,530.4780393,574.8132337,622.1445592,660.610587,688.7655602,611.1730982,367.9175,386.5452381,0,158.9848156
Jiangmen,222.3545735,132.8171608,156.9594035,175.0374348,201.694217,235.1191239,264.7808541,282.5762211,200.4419609,222.0137825,234.870229,217.0233859,224.6774482,120.8984772,129.030303,184.0325815,205.8225
Zhanjiang,25.22901084,9.967315697,5.425806002,7.179709988,20.32913193,23.05274049,3.83415887,4.721190069,6.71506123,11.11309221,16.39268839,18.34798535,19.09691844,7.559281437,9.648390942,10.05778302,27.60772834
Maoming,15.12153505,8.744538392,5.726230256,4.227540301,6.988722014,7.668775063,4.283907468,4.147650468,4.640746092,10.68901055,15.13791738,20.16312791,21.87595439,9.446808511,9.211442786,2.98027127,3.112469438
Zhaoqing,173.6966764,122.3524933,152.0581114,166.0200173,190.0762797,209.2059082,214.6413981,221.0837812,241.0236589,269.3147802,288.7598883,307.3945123,318.1760102,83.44369369,40.66143498,209.7888889,207.2444934
Huizhou,491.3500489,215.6333129,350.114255,341.1050553,392.5181374,424.1908167,430.0283635,426.2363615,457.1516035,505.3582919,534.1205591,564.0803443,309.4603299,313.8791209,309.902439,1666.312336,238.8282051
Meizhou,32.35833673,42.51443982,22.33268525,16.37920709,22.35378258,25.44925586,15.77972249,17.40456532,19.69281298,22.7809743,25.35047619,27.83011729,13.11351809,10.36297641,10.39090909,9.171532847,6.324175824
Shanwei,41.41318538,68.07199923,68.29972095,44.92776042,61.5503547,76.03797732,81.04283491,82.4685489,87.82258065,99.4124424,43.23404255,45.3411306,27.74125251,12.27348066,27.55922865,28.87078652,22.62464986
Heyuan,52.57833777,70.23498695,59.8737254,69.79136143,87.07032764,92.79367644,65.06103502,47.00465973,48.73227917,55.50549141,58.48476454,61.91897071,39.36573783,25.47453083,27.90080429,176.9892761,23.14745308
Yangjiang,51.07694679,21.87725906,28.58224494,39.69670937,48.33782238,53.12671521,63.23865491,73.37435027,84.0829234,54.1699115,57.99017888,40.4975812,29.08736136,23.61486486,15.7003367,254.4966667,11.65780731
Qingyuan,46.19586122,20.74835148,44.19479463,81.66469864,110.7491129,126.8703795,134.3207279,77.4348804,92.30252101,74.67586887,51.64226452,55.170992,33.92511529,24.81018519,32.92906178,27.83747178,28.77578475
Dongguan,1103.422245,1320.460579,186.7026384,1074.142951,1236.476702,1844.627438,1451.3512,1502.838752,1650.714286,1801.807487,2084.568555,2366.347962,2727.972924,1953.318408,814.6587678,548.4784483,514.310757
Zhongshan,686.6386189,365.6005737,462.3633007,505.5532124,506.2900448,569.0705457,518.0643852,489.1004156,484.6980756,553.7960526,419.4484101,436.1242793,287.8875725,294.6956522,299.6117647,297.8305085,301.3879781
Chaozhou,47.90361446,23.33827477,23.90384155,27.05494418,32.38998662,35.86850428,39.23765947,43.05646058,47.9109589,53.65558912,37.82185629,40.625,7.492668622,12.51824818,12.8442029,18.45652174,14.59782609
Jieyang,24.03054831,13.94718913,11.04254202,18.59123327,24.02564668,31.88041919,37.98277642,22.4497197,25.52816375,28.19409408,32.32898784,34.41083261,5.599418538,4.407460545,2.389758179,2.285106383,2.516265912
Yunfu,16.32348438,8.085203848,14.44030984,21.73375309,28.10289628,25.41807247,25.78680203,28.04144858,32.01328207,36.82229965,38.06407165,36.14208022,18.2350383,14.14950166,9.366666667,12.8372093,14.7807309
Nanning,15.4164023,11.97195037,13.00603451,22.28936284,27.12762066,32.63456173,39.89826623,49.28820843,52.47926915,22.14716188,80.09525124,34.51692476,41.89778853,21.22207447,29.91017173,18.2542153,39.66496164
Liuzhou,17.85571941,11.41857776,12.86659564,17.48356495,22.72827586,27.56371609,32.64773098,14.67171107,93.7620064,95.28337362,98.13104189,26.42498015,4.229338085,7.194300518,175.4341085,206.2615385,25.22081218
Guilin,12.95492079,5.100429254,7.08731393,13.50517735,18.46141651,33.52219075,37.73820925,4.115924156,6.617477961,8.00229841,9.672288233,27.51566952,123.3567121,30.21910112,7.825842697,9.319702602,11.59334566
Wuzhou,28.26109163,36.01519907,39.10224929,41.9505548,44.33338707,47.73627075,50.60408628,50.62825621,63.55006105,22.18512898,9.009518144,3.167793124,4.178297278,1.204610951,3.108882521,3.428977273,9.64305949
Beihai,20.45377121,13.34280111,15.99437148,37.63645929,45.80348004,56.39464841,31.32725684,59.54207624,53.63907088,31.07674004,50.26564345,88.01535735,108.2286578,120.6896552,48.25714286,28.56741573,63.14444444
Fangchenggang,33.46861129,7.828156313,49.81207717,60.41844058,71.33941431,60.11090137,45.60515416,48.5203858,13.50109409,20.18558952,23.87096774,24.74522293,29.913189,92.58762887,0.755102041,15.66666667,39.71
Qinzhou,2.248025183,7.44455103,17.27645852,20.55600184,41.49554763,49.53499218,59.66216762,37.47710564,38.82924335,40.43911156,135.9394704,40.8880597,80.05444197,29.53300733,56.41849148,19.84819277,31.59090909
Guigang,5.400233868,6.330445024,6.928588133,9.835244002,19.36573161,26.54325908,26.58674881,29.82379107,39.85029373,3.193055293,3.781122259,4.050073638,4.608882574,5.243243243,6.124100719,7.13368984,8.403539823
Yulin,6.806886608,1.637307092,2.155528923,5.854162906,6.475096398,3.526405186,7.402702744,7.389673728,8.830315421,2.715710363,3.855043515,4.192090395,4.813360911,3.616457462,4.390883978,6.901773533,11.64043419
Baise,4.160786017,4.557684029,2.557654235,1.230200634,2.627623737,11.27762061,4.905035502,5.327646566,0,2.464512971,0.463930046,0.487864078,3.632711343,0.717026379,17.53827751,0.346793349,12.20330969
Hezhou,9.530637606,4.705096392,5.326174752,5.226107226,1.286571128,2.434735561,4.068780706,24.70754596,35.47792542,39.75265018,28.8484589,37.8748425,3.294549397,5.477366255,2.733606557,1.983739837,3.673387097
Hechi,1.049868766,1.402088773,5.925074455,2.536231884,1.586941737,0.264478335,4.824807716,3.699992485,2.048049477,2.298347911,18.27169446,25.28221005,1.151834927,0.452214452,0.548837209,0.120092379,2.304147465
Laibin,0.360448923,0.289642231,0,0.722881835,8.171097342,10.48508349,4.377210216,0.396001538,13.39701949,9.289281598,8.841940532,3.160660661,11.15708697,8.855018587,7.660447761,0.055762082,5.67037037
Chongzuo,0.956601869,2.23363957,3.763277693,23.27186964,36.51061674,44.4125,24.36353116,8.42818985,9.075425791,14.70660147,18.56795132,25.4995971,29.63424437,7.107569721,1.484,12.99206349,22.51190476
Haikou,198.9582585,223.7785699,257.2165648,252.7450758,329.3383026,359.3954563,409.3971183,446.2070685,250.794335,280.0556931,313.7254902,199.5099819,176.7415049,21.41317365,16.86549708,142.4719101,366.9617486
Sanya,370.906926,208.8669951,252.0023442,209.8435712,242.8998505,282.3744962,303.5541195,347.9038765,387.1944923,411.4834206,419.4107452,392.6791809,259.2765663,359.0172414,119.3728814,170.2131148,415.8730159
Sansha,0,0,0,0,0,0,0,0,0,0,0,0,0,0,0,0,0
Danzhou,0,0,0,0,0,0,0,0,0,0,0,0,0,0,0,45.58762887,31.01020408
Chongqing,9.939618543,12.88328144,16.4482071,21.75768318,33.54660435,83.79146774,122.6162455,192.0407453,316.2195928,315.052641,315.541627,314.9283005,319.2633696,334.370283,300.3702065,301.8049354,301.8272834
Chengdu,40.74364892,31.30443809,134.1524727,167.3264455,102.288992,199.5813184,245.4305345,422.5808697,563.31041,732.1230717,944.1069024,723.5483605,612.3529172,429.2015726,699.7212544,831.6395664,877.9333333
Zigong,5.781795116,6.317689531,1.355269793,2.090951711,7.877190262,4.640948461,0.733660081,4.614063075,6.303882605,6.289193303,6.909311495,6.721212121,6.822207292,3.149847095,1.543209877,3.39628483,3.16875
Panzhihua,19.49519684,4.97851672,4.426745694,7.100266031,29.26053779,148.4979313,160.4857501,187.0533309,135.8639212,92.7792672,99.375,99.54423592,90.47532984,27.88288288,0.027522936,125.9259259,68.24074074
Luzhou,1.386574371,1.723665056,1.58038488,4.081801281,2.418481039,3.155782561,3.926380368,6.073817487,7.677932406,10.19992082,10.41109363,12.38357241,13.92184781,16.14370079,24.44117647,31.30980392,31.43418468
Deyang,10.45744765,11.91957372,13.38354123,15.82855654,28.23959928,35.82104964,31.28218332,38.88731851,49.08834827,49.41507024,51.77040816,52.7388535,51.92697249,30.9744898,21.3814433,23.12144703,32.29166667
Mianyang,2.339247801,6.683425634,21.03973922,27.19294956,39.1151594,20.84296573,47.42127972,27.79818038,58.48730217,38.54052072,44.08841798,41.87682216,42.56984674,33.46788991,19.23649907,54.05783582,33.80602637
Guangyuan,0,0.595571057,0.555446,0.375816993,5.204775381,1.105132584,0,5.821994918,7.423707035,11.8960539,15.08059317,18.08448887,12.36775736,5.508196721,11.61716172,7.657807309,8.321070234
Suining,5.002655337,5.504828566,7.090608148,8.927104587,13.18850407,3.740842729,2.622400207,6.001101119,8.907760648,13.41930338,14.51238798,15.79390116,19.1709571,14.71428571,11.1027027,11.0739726,78.79558011
Neijiang,1.426706231,1.473804317,1.218119528,1.369246441,1.729467003,8.234325373,1.644698198,10.89699904,29.09410936,34.92264416,23.38331771,16.70187793,16.908879,11.25,6.573493976,10.75970874,11.13970588
Leshan,23.3092656,36.96033595,7.611382581,12.18153776,15.9909207,21.00141443,23.58303607,26.03367766,34.19582393,35.92790763,29.75561798,29.86786618,32.66909749,14.11549296,9.159090909,16.42450142,20.08285714
Nanchong,3.48320399,6.001904052,1.031634977,4.132377786,4.072172589,4.221537312,1.348356359,2.450380461,11.10817244,7.311743023,7.765480896,10.58234519,9.750380559,7.01754386,9.750341064,11.67582418,11.53453039
Meishan,2.879704104,5.199683089,5.39707695,5.385964912,30.46234154,44.81793525,32.02229437,39.02257362,47.34891676,57.36872146,57.64906303,58.11331445,40.24515981,31.47142857,29.83188406,29.67246377,335.0906433
Yibin,1.007747422,1.357457326,1.976155165,2.257435584,2.588333523,3.332642565,3.712635298,7.563726763,9.228218825,8.298572997,8.264898256,9.119610319,9.964135633,7.43705036,7.028828829,7.264492754,11.92934783
Guangan,3.908322743,0.764049906,0.904190958,0.448048258,0.302683069,0.225104513,0.653163695,5.217092844,7.29135539,8.467449306,8.724489796,8.891244435,11.73324205,10.73019272,9.892473118,10.46753247,8.662309368
Dazhou,0.147980778,0.216603098,0.256153942,0.479653412,1.999661596,2.362912938,2.70697731,7.366992954,7.354857391,7.630822312,6.976439791,8.71966284,11.78968951,7.437134503,14.13690476,4.647147147,0
Yaan,1.429970617,0.162972621,0.66096423,0.83873927,17.06904406,20.27953928,17.54431196,22.84054229,23.65853659,26.18530351,7.27388535,13.14249364,12.91072235,3.503225806,3.584415584,6.718954248,6.588235294
Bazhong,0,0,0.063367864,0.126872722,0.179039068,0.127957448,0.159529388,0.262879823,2.134052388,2.820512821,0,5.418950666,6.524030354,5.261333333,3.723404255,1.358695652,1.855191257
Ziyang,3.716389442,0.782754805,0.705651347,0.709031467,0.464295852,1.639344262,2.014560686,2.773731367,7.642389363,10.87171378,8.113542283,20.65838754,24.98213151,20.42816901,28.7965616,23.69942197,19.52046784
Guiyang,21.72475787,22.47491446,23.45576912,19.77321449,22.51125563,25.69175391,30.5655443,39.95135841,74.11326775,126.6088117,166.1830652,198.9396709,236.7084407,279.2718204,329.754902,380.1578947,415.8878505
Liupanshui,5.854008612,0.077831545,6.299424572,0.832140598,3.366131538,17.57356935,2.201346485,5.76754386,9.278158058,27.97829457,86.047941,118.8364301,63.58128374,92,105.7076023,74.88538682,0.294617564
Zunyi,1.481595694,1.432898577,0.373514899,0.217124129,0.319177712,6.507889573,3.983432331,3.791318098,4.315325819,4.249416645,10.45857418,16.01397713,19.66975484,45.64837905,48.60248447,0,53.16483516
Anshun,0.171595036,0.542608424,1.101681719,1.206989041,1.271693597,1.923788383,2.650919595,8.720826334,14.59440312,18.15049226,28.1407563,34.48965517,40.94910452,53.05333333,67.81395349,30.92105263,39.08794788
Bijie,0,0,0,0,0,0,0,0,8.955031114,9.923076923,12.20078107,16.07175295,19.86618005,23.90839695,28.37269772,3.562365591,4.84434968
Tongren,0,0,0,0,0,0,0,0,0.210674157,7.735052755,9.69944082,15.03585473,18.54268251,3.950113379,23.57045455,30.58333333,6.174887892
Kunming,10.27975798,12.38367931,16.24677955,40.70192495,58.02202048,113.8613487,136.7066799,172.7769311,234.2702206,292.1803128,328.8222385,406.3832879,407.0522166,132.1357143,142.3321492,148.6241259,112.216263
Qujing,5.187191504,1.976861342,1.943995234,3.393619525,3.351353144,6.087914618,5.996235111,3.45945083,4.429859244,6.206463759,8.982707587,9.317865429,10.08875511,10.90964778,3.547655068,2.189759036,0.578710645
Yuxi,4.079659706,4.727883002,5.005737235,7.297502611,8.626619552,3.497981031,2.337189774,14.01127493,16.37618637,21.42923867,31.40195622,34.43518519,35.19744456,0.539170507,5.173515982,2.268181818,4.538461538
Baoshan,1.571577847,0.186621325,0.523732937,1.608677855,2.625598572,3.766819757,7.397194581,13.3161852,20.58221873,28.56025039,41.26119112,45.5950541,44.41914319,4.62835249,3.923954373,8.965909091,1.511363636
Zhaotong,0.147850257,0.223133403,0.245909392,0.288877292,0,0,0.534721232,0.522429646,0.690488521,1.542945311,2.52685422,0,0.795928583,0.137931034,0.714054927,0.6784,0.111287758
Lijiang,1.742938863,3.122505101,11.53305204,15.42193727,15.86171835,5.021340698,0.207417241,2.341414812,7.202970297,24.12605042,33.25562032,6.46039604,2.722157869,0.819672131,0.06504065,32.22764228,8.829268293
Puer,1.02359404,0,0,8.331256749,9.002900208,6.586594343,1.25380548,11.9128044,8.438110113,19.78545888,15.64628483,0.24034673,0.592071049,40.64940239,4.300395257,37.23622047,2.834645669
Lincang,0.516224189,1.39238767,1.211403589,2.280041703,6.221663599,4.092539838,10.46327212,8.676700387,12.54985151,0,19.55160745,27.33389403,29.36976754,0.632911392,1.857740586,2.041493776,2.116182573
Lasa,0,0,0,0,0,48.6169321,0,0,0,245.8730159,0,0,0,0,0,0,0
Rikaze,0,0,0,0,0,0,0,0,0,0,0,0,0,0,0,0,0
Changdu,0,0,0,0,0,0,0,0,0,0,0,0,0,0,0,0,0
Linzhi,0,0,0,0,0,0,0,0,0,0,0,0,0,0,0,0,0
Shannan,0,0,0,0,0,0,0,0,0,0,0,0,0,0,0,0,0
Naqu,0,0,0,0,0,0,0,0,0,0,0,0,0,0,0,0,0
Xian,35.66524324,38.06154398,76.99971688,121.5798489,145.9823356,161.9034054,155.9123415,200.136701,253.248295,311.3065327,387.8968893,454.2009076,491.4216708,546.0193939,585.7406181,643.7386018,737.4482759
Tongchuan,2.738747321,3.367722044,3.827467709,12.96274394,4.831487155,4.291088643,5.860977611,6.086142322,24.5380117,35.16998828,35.0817757,24.97027348,0,0,33.71084337,25.1125,50.6835443
Baoji,0,2.871072589,4.275701567,6.011619775,6.661007507,8.940336023,9.504197687,5.526253641,14.34498956,15.66814275,18.16908714,208.5148515,1.456285432,1.489583333,18.96850394,23.86243386,29.41114058
Xianyang,4.457440433,5.129147524,2.792052766,5.473393504,8.479993686,7.399353512,7.858553778,6.729604492,11.92505231,13.41163099,14.18042011,19.66204671,25.48001289,3.764150943,16.40598291,19.6,21.87554585
Weinan,3.333707907,2.371681416,4.593527725,3.768672563,6.304971931,9.964122635,8.027152247,5.447630611,8.887905082,10.9414263,8.789048789,2.166013538,2.117761173,2.384201077,1.51618705,1.56043956,1.578268877
Yanan,2.490151257,0.316107093,0.204081633,0.427747815,2.587109998,221.100712,1.608720496,1.589783685,6.689566337,8.49617672,3.372582002,0,0,0,0,9.965811966,16.61111111
Hanzhong,2.889008331,2.762105939,1.359677077,0.568527382,1.705998682,2.172883674,7.671340584,4.183157288,6.970965211,7.842831122,8.026929052,10.42697214,2.736169881,5.2421875,8.69895288,8.047244094,14.24409449
Yulin2,4.330719968,0.648645559,0.091012514,2.049598007,0.210331482,1.008155868,9.774163905,5.349794239,5.637982196,8.008542445,5.559681698,19.43820225,28.21491019,9.314136126,18.18961039,22.81770833,29.85974026
Ankang,0.25504999,0.105095433,0.210212247,0.898536093,6.845069484,10.02086991,1.894126561,1.853129621,2.772861357,2.300653595,9.737268894,9.797517962,0.337926509,0,5.124590164,11.70723684,15.88815789
Shangluo,1.886315789,4.263984706,0,0,2.89026847,10.85862752,16.51512035,57.23971735,43.8321904,42.04180064,18.5235435,19.07032181,0.597585754,0,6.102766798,7.996015936,20.244
Lanzhou,0,0,0,22.23249586,40.2060887,12.20367382,13.35022714,6.027075478,5.283018868,2.33592535,5.784047748,14.5369629,42.2491457,104.1759259,30.78220859,54.75,22.53915663
Jiayuguan,0,0,0,0,0,0,0,0,0,0,0,0,0,0,0,0,0
Jinchang,0,0,0,0,0,0,0,0,0,0,0,0,0,0,0,0,0
Baiyin,0.708362129,0.320769848,0.572836112,0.962530079,0,0,0,0,17.14046823,1.365964713,0,0,0,0,0,25.75824176,0
Tianshui,0,0,0,0,0.577855452,0.736261583,3.236119992,0.515365528,1.331168831,0,0,0,0,0,0,0,0
Wuwei,0.710849813,0.454108345,0,0.26705122,2.380699894,0.379554656,0,0,0,0,0,0,1.841717533,4.57591623,0.526315789,0.105820106,2.291005291
Zhangye,1.955681729,0.506088882,0,0,3.884400249,0,0,0.901933807,0,0,16.48895659,0.539707016,6.150534328,0,0,0.305343511,2.236641221
Pingliang,0,0,0,2.217491574,2.204293965,0,0,0,0,0,0,0,0,0,0,0,0
Jiuquan,4.965156794,5.090241003,4.520274762,22.44405441,30.5226034,24.29018789,46.5152458,111.1893823,4.894046418,31.52834008,4.602888087,38.30935252,35.76295499,53.47321429,13.39393939,0.767676768,0.101010101
Qingyang,0.164216453,0.229849234,0.704365474,0,0,0.135538086,0,0.173624508,1.145038168,1.524971407,3.029155623,0,0,0,0,0,0
Dingxi,0.296946179,0.895653052,0.216064202,0,0,0,0,0,0,0.398245022,0.173275575,0,0,0,0,0,0
Longnan,0,0,0,0.06931271,0.496826836,0,0,0,0,0,0,0,0,0,0,0,0
Xining,3.785919891,4.44530344,57.71319676,151.5489118,23.64413076,30.73143854,15.39135815,4.43699914,19.50628366,14.71032746,10.93474427,5.384995064,30.10886315,44.70935961,62.31553398,53.83574879,36.19617225
Haidong,0,0,0,0,0,0,0,0,0,0,0,0,0,0,0,0,0
Yinchuan,21.63747087,46.30234415,37.92318634,22.28366049,30.51280328,25.53359165,19.47283832,28.19899244,115.3575832,41.14832536,74.49594438,33.50510204,93.36048653,19.32065217,16.21693122,37.40932642,100.115
Shizuishan,8.244023083,4.489121454,5.201992252,1.465552664,0.313308814,0.459211237,18.84057971,14.26089281,6.125166445,0,4.033942559,0,0,0,0,0,4.4
Wuzhong,0,42.52391872,0.644537544,0,0,0,0,0,0,0,0,0,0,38.59859155,48.55944056,0,0
Guyuan,8.188255337,0,0,0,0,0,0,0,0,0,0,0,0,0,0,0,0
Zhongwei,0,0.019557989,0,0,0,0,0,0,0,0,0,0,0,0,0,82.78688525,38.68032787
Wulumuqi,7.712223875,8.173800817,12.97965491,25.75307174,28.8413316,42.36390595,51.82636096,57.19458503,64.15396953,74.86423584,84.82312666,96.66541776,107.55912,88.43283582,2.587443946,0.608108108,2.929515419
Kelamayi,0,0,0,0,0,0,0,0,0,45.74468085,190.5013193,0,0,0,14.90322581,0,0
Tulufan,0,0,0,0,0,0,0,0,0,0,0,0,0,0,0,0,0
Hami,0,0,0,0,0,0,0,0,0,0,0,0,0,0,0,0,0