city,year,city_code,inventor,inventor_log,fdi_log,scicost_log,scipop_log,div_log,gdp_log,wage_log,unemp_log,unistu_log,college_log,studentteacher_log,docs_log,net_log,green_log,SO2_log,fdi_centered,scicost_centered,scipop_centered,div_centered,fdi*div,scicost*div,scipop*div
Beijing,2003,110000,169,2.230448921,2.273847388,5.03193334,0.021868636,0.279662147,7.563848787,4.403349967,0.002622774,2.594826699,1.86923172,1.164530436,1.630261455,3.539756425,1.662190991,5.056954373,0.760656329,1.134130067,0.015280535,0.025735368,0.019575771,0.029187255,0.00039325
Tianjin,2003,120000,9,1,2.248897036,4.287891266,0.011819945,0.25686614,7.388751108,4.270665097,0.005605742,2.424569445,1.579783597,1.203247572,1.408247293,3.344434079,1.26599637,5.362052491,0.735705977,0.390087993,0.005231844,0.002939361,0.002162506,0.00114661,1.54E-05
Shijiazhuang,2003,130100,0,0,1.461075576,3.512417549,0.009682203,0.263682192,7.139231537,4.090156082,0.001247701,2.313147566,1.447158031,1.305811582,1.184869311,2.919759816,1.353339095,5.326487428,-0.052115482,-0.385385724,0.003094102,0.009755413,-0.000508408,-0.003759597,3.02E-05
Tangshan,2003,130200,0,0,1.471258305,3.311117843,0.002115124,0.269014631,7.112377775,4.013823597,0.002750286,2.055036492,1.079181246,1.241021148,1.221920564,2.670465534,1.403120521,5.398476465,-0.041932753,-0.58668543,-0.004472977,0.015087852,-0.000632675,-0.008851823,-6.75E-05
Qinhuangdao,2003,130300,0,0,1.759726293,2.658964843,0.006768363,0.270729484,6.587744854,4.129707289,0.002462994,2.310285036,0.77815125,1.208151546,1.21506995,2.769849404,1.663229635,4.778375578,0.246535235,-1.23883843,0.000180262,0.016802705,0.004142459,-0.020815836,3.03E-06
Handan,2003,130400,2,0.477121255,1.039412014,3.078819183,0.005290237,0.27288741,6.882274476,4.001856544,0.002014149,1.694268645,0.602059991,1.385035405,1.107421231,2.638017168,1.50731604,5.25310771,-0.473779045,-0.81898409,-0.001297864,0.018960631,-0.00898315,-0.015528455,-2.46E-05
Xingtai,2003,130500,1,0.301029996,0.985244432,2.834420704,0.005214903,0.271807466,6.711475014,4.004377269,0.001108007,1.538097387,0.698970004,1.358506327,1.087992648,2.496528026,1.688508808,5.03922767,-0.527946626,-1.063382569,-0.001373198,0.017880687,-0.009440048,-0.019014011,-2.46E-05
Baoding,2003,130600,0,0,1.409958134,2.964730921,0.011369974,0.269877118,6.966051202,4.024714659,0.001113523,1.959200005,1.041392685,1.300190777,0.958795915,2.314035731,1.398113692,4.756453529,-0.103232925,-0.933072352,0.004781873,0.015950339,-0.0016466,-0.01488282,7.63E-05
Zhangjiakou,2003,130700,0,0,0.766910456,3.016615548,0.004320212,0.268436342,6.505064468,4.021075127,0.001600738,1.758405566,0.77815125,1.271379573,1.089227826,2.034931123,1.425860145,5.205821252,-0.746280602,-0.881187725,-0.002267889,0.014509563,-0.010828206,-0.012785649,-3.29E-05
Chengde,2003,130800,0,0,1.340700637,2.909020854,0.004788707,0.273747061,6.371027757,4.031908726,0.00112341,1.734980264,0.77815125,1.217778508,1.163339645,2.338595068,1.41447195,4.751101962,-0.172490422,-0.988782419,-0.001799394,0.019820282,-0.003418809,-0.019597946,-3.57E-05
Cangzhou,2003,130900,2,0.477121255,1.12566778,3.224791956,0.002996294,0.272286839,6.798555076,3.988872748,0.000986651,1.375048395,0.698970004,1.296345899,1.117414717,1.665984857,1.253095586,4.430671559,-0.387523278,-0.673011316,-0.003591807,0.01836006,-0.007114951,-0.012356528,-6.59E-05
Langfang,2003,131000,0,0,1.692444262,3.165541077,0.008751822,0.267272987,6.723082133,4.054166658,0.000567899,2.044631334,1,1.299025977,1.135248813,2.632520761,1.656385719,4.542090612,0.179253204,-0.732262196,0.002163721,0.013346208,0.002392351,-0.009772924,2.89E-05
Hengshui,2003,131100,0,0,1.244160813,2.922206277,0.004088882,0.267889724,6.598525364,3.974502482,0.0004039,1.255742134,0.477121255,1.307717297,1.037699683,2.408694265,1.26245109,4.620406754,-0.269030245,-0.975596995,-0.002499219,0.013962945,-0.003756454,-0.013622207,-3.49E-05
Taiyuan,2003,140100,8,0.954242509,1.571793463,3.086715664,0.016333411,0.271933599,6.712404711,4.103115828,0.005878066,2.686729059,1.447158031,1.177309233,1.583682692,3.163316227,1.33405144,5.259333415,0.058602405,-0.811087609,0.00974531,0.01800682,0.001055243,-0.014605109,0.000175482
Datong,2003,140200,3,0.602059991,0.122023108,3.090258053,0.004282314,0.270658842,6.400609819,4.013043782,0.006843552,1.876407807,0.698970004,1.25244553,1.41626968,2.530108948,1.21031852,5.092288942,-1.39116795,-0.80754522,-0.002305787,0.016732063,-0.02327711,-0.013511897,-3.86E-05
Yangquan,2003,140300,0,0,0.868599921,2.563481085,0.002718924,0.255263946,6.100088162,4.038298991,0.001740183,1.410967751,0.301029996,1.268110038,1.386693625,1.623916852,1.074816441,5.050588539,-0.644591138,-1.334322188,-0.003869177,0.001337167,-0.000861926,-0.001784212,-5.17E-06
Changzhi,2003,140400,4,0.698970004,0.669145814,2.968015714,0.003651916,0.269448872,6.407665503,4.041773118,0.000774453,1.752526445,0.602059991,1.28841733,1.197497682,2.588146197,1.206286044,4.967707064,-0.844045245,-0.929787559,-0.002936185,0.015522093,-0.013101349,-0.014432249,-4.56E-05
Jincheng,2003,140500,0,0,0.703733064,2.711807229,0.002381877,0.26495561,6.297775388,4.069582635,0.000970506,1.591876569,0.477121255,1.162940116,1.301463397,2.547895726,1.39707055,4.826210904,-0.809457995,-1.185996044,-0.004206224,0.011028831,-0.008927375,-0.01308015,-4.64E-05
Shuozhou,2003,140600,0,0,0,2.243038049,0.002050174,0.271831368,6.07407114,3.980451532,0.000442451,0,0,1.234392972,1.511154171,2.438374474,1.145196406,4.946889287,-1.513191059,-1.654765224,-0.004537927,0.017904589,-0.027093064,-0.029627892,-8.12E-05
Jinzhong,2003,140700,0,0,0.297646302,2.539076099,0.005819779,0.270664754,6.308442538,3.972579095,0.000799074,1.86290174,0.477121255,1.225868512,1.282105552,2.573289466,1.154119526,4.850817714,-1.215544756,-1.358727174,-0.000768322,0.016737975,-0.020345758,-0.022742342,-1.29E-05
Yuncheng,2003,140800,1,0.301029996,0.927702927,2.654176542,0.004849574,0.261118235,6.467784155,3.992119448,0.000311511,1.066718801,0.301029996,1.252496467,1.056911724,2.123651032,1.009875634,5.041424269,-0.585488131,-1.243626731,-0.001738527,0.007191456,-0.004210512,-0.008943486,-1.25E-05
Xinzhou,2003,140900,1,0.301029996,0,2.650307523,0.003957582,0.275238853,6.038947051,3.902877674,0.001455368,1.429495633,0.477121255,1.233815284,1.223474033,2.27645526,0.431363764,4.610532411,-1.513191059,-1.24749575,-0.002630519,0.021312074,-0.03224924,-0.026586722,-5.61E-05
Linfen,2003,141000,0,0,0.46614572,2.773054693,0.005261274,0.274218908,6.470268594,3.990689967,0.000872357,1.967360012,0.477121255,1.27701448,1.224987441,1.821283868,1.172894698,4.911344076,-1.047045339,-1.12474858,-0.001326827,0.020292129,-0.021246779,-0.022823543,-2.69E-05
Lvliang,2003,141100,0,0,0.286688542,2.790285164,0.00169481,0.266394753,6.130210862,3.952231905,0.000247055,1.374766999,0.477121255,1.289887684,1.104709804,2.343050595,0.44870632,4.806207117,-1.226502516,-1.107518109,-0.004893291,0.012467974,-0.015292001,-0.013808507,-6.10E-05
Huhehaote,2003,150100,0,0,1.701617351,2.713490543,0.017640127,0.277823882,6.608743127,4.149753797,0.004503072,2.624297529,1.255272505,1.264969808,1.409452263,2.610091312,1.440594262,4.562376146,0.188426292,-1.18431273,0.011052026,0.023897103,0.004502843,-0.028301644,0.000264111
Baotou,2003,150200,3,0.602059991,1.715946172,3.110926242,0.007249673,0.23557658,6.653397291,4.12767387,0.005751489,2.086692616,0.84509804,1.271659408,1.432956302,2.527658691,1.469674773,5.081825992,0.202755113,-0.786877031,0.000661572,-0.018350199,-0.003720597,0.01443935,-1.21E-05
Wuhai,2003,150300,0,0,0,2.385606274,0.002579975,0.261226159,5.830138745,4.004621836,0.006851577,2.168338804,0.602059991,1.269162428,1.863151214,2.291509732,1.337858429,4.864499215,-1.513191059,-1.512196999,-0.004008126,0.00729938,-0.011045356,-0.0110381,-2.93E-05
Chifeng,2003,150400,0,0,0.528464324,2.938019097,0.004165926,0.2751055,6.384679864,3.98132108,0.001937134,1.040066675,0.301029996,1.270302759,1.236810206,1.855883134,1.072984745,5.062303646,-0.984726734,-0.959784175,-0.002422175,0.021178721,-0.020855253,-0.020327002,-5.13E-05
Tongliao,2003,150500,0,0,0.730329485,3.068927612,0.004196115,0.271077562,6.376858792,3.975284261,0.002239545,1.653705236,0.301029996,1.32156676,1.324154002,1.433604566,1.057285644,3.36604921,-0.782861574,-0.828875661,-0.002391986,0.017150783,-0.013426689,-0.014215867,-4.10E-05
Eerduosi,2003,150600,4,0.698970004,1.542332495,2.91750551,0.00506841,0.269320688,6.433605683,4.118946229,0.002799483,0.926487441,0.301029996,1.260085753,1.316647357,1.811284783,0.937517892,5.111000244,0.029141437,-0.980297763,-0.001519691,0.015393909,0.000448601,-0.015090615,-2.34E-05
Hulunbeier,2003,150700,0,0,0.897437484,3.010299957,0.003353642,0.263143429,6.328914903,4.000825244,0.004055834,1.471432044,0.301029996,1.203340403,1.457169307,2.1439799,1.534406899,4.334312985,-0.615753574,-0.887503316,-0.003234459,0.00921665,-0.005675185,-0.008179807,-2.98E-05
Bayannaoer,2003,150800,0,0,1.379595392,3.179264464,0.007027078,0.27463956,6.180049566,3.989858556,0.002722526,1.336926387,0.301029996,1.313223136,1.141223523,1.987825901,1.049992857,4.567226402,-0.133595666,-0.718538809,0.000438977,0.020712781,-0.002767138,-0.014882937,9.09E-06
Wulanchabu,2003,150900,0,0,0.342626897,2.846955325,0.010567297,0.26787258,6.191172295,4.052641623,0.002304974,1.483947137,0.477121255,1.344872913,0.992814996,1.612901275,1.400019635,4.871064794,-1.170564162,-1.050847948,0.003979196,0.013945801,-0.016324455,-0.014654916,5.55E-05
Shenyang,2003,210100,12,1.113943352,2.513757603,3.900694774,0.013962935,0.270915609,7.205036354,4.174993714,0.01072528,2.536042773,1.447158031,1.250124989,1.448782345,3.194115722,1.467756051,4.567132279,1.000566545,0.002891502,0.007374834,0.01698883,0.016998455,4.91E-05,0.00012529
Dalian,2003,210200,0,0,2.597426487,3.586699802,0.006034026,0.254935166,7.212877159,4.244552952,0.007632091,2.42939509,1.278753601,1.277008895,1.408484118,3.180765987,1.615002615,4.794460162,1.084235429,-0.311103471,-0.000554075,0.001008387,0.001093329,-0.000313713,-5.59E-07
Anshan,2003,210300,0,0,1.823486165,3.126456113,0.007768242,0.254809496,6.897829458,4.104910615,0.007829268,1.744932519,0.477121255,1.256799271,1.317788466,2.983657163,1.522052801,4.820989176,0.310295106,-0.77134716,0.001180141,0.000882717,0.000273903,-0.000680881,1.04E-06
Fushun,2003,210400,4,0.698970004,1.492100467,3.12904506,0.006269452,0.268097622,6.498088386,4.080041383,0.009519795,1.907041559,0.602059991,1.246577246,1.331080402,2.508926091,1.455149521,4.766881097,-0.021090591,-0.768758213,-0.000318649,0.014170843,-0.000298871,-0.010893952,-4.52E-06
Benxi,2003,210500,0,0,1.375290328,2.915927212,0.003515151,0.252184978,6.370438141,4.076810051,0.012574324,1.643456459,0.301029996,1.202629996,1.380980242,2.881126534,1.653309013,4.664566767,-0.137900731,-0.981876061,-0.00307295,-0.001741801,0.000240196,0.001710232,5.35E-06
Dandong,2003,210600,0,0,1.63241037,3.33264041,0.008479611,0.271455653,6.367254139,4.026957138,0.031587129,1.8916341,0.477121255,1.27166518,1.254497639,2.949358488,1.388456453,4.476150246,0.119219311,-0.565162863,0.00189151,0.017528874,0.00208978,-0.009906669,3.32E-05
Jinzhou,2003,210700,0,0,1.640547078,3.215901813,0.008948793,0.275736235,6.449787309,4.03193213,0.006084506,2.155012529,0.77815125,1.246557579,1.271220352,2.809356708,1.497067936,4.733855032,0.12735602,-0.68190146,0.002360692,0.021809456,0.002777566,-0.0148719,5.15E-05
Yingkou,2003,210800,0,0,1.977428311,2.811575006,0.007045488,0.270735198,6.403772503,4.038266781,0.004905563,1.376675668,0.477121255,1.384634329,1.197557175,2.844627326,1.413634997,4.3950117,0.464237252,-1.086228267,0.000457387,0.016808419,0.007803094,-0.01825778,7.69E-06
Fuxin,2003,210900,0,0,1.098754688,2.741939078,0.005861599,0.277264206,6.012964964,3.994497961,0.005848683,2.071837386,0.477121255,1.313443718,1.251463354,2.732478002,1.363799945,4.41594108,-0.414436371,-1.155864195,-0.000726502,0.023337427,-0.009671878,-0.026974896,-1.70E-05
Liaoyang,2003,211000,0,0,1.361033495,2.975891136,0.006615041,0.262801276,6.377991218,4.098285069,0.006938244,1.559187269,0.602059991,1.204867154,1.292655665,2.756888382,1.545307116,4.44294987,-0.152157563,-0.921912137,2.69E-05,0.008874497,-0.001350322,-0.008181507,2.39E-07
Panjin,2003,211100,0,0,1.820318229,2.745855195,0.003175842,0.245339715,6.528928264,4.007063802,0.003967597,1.384269875,0.301029996,1.238127438,1.413796767,3.043594259,1.424554977,3.999348069,0.30712717,-1.151948078,-0.003412259,-0.008587064,-0.002637321,0.009891851,2.93E-05
Tieling,2003,211200,0,0,1.544690836,3.133538908,0.007951963,0.278439171,6.246804498,3.999521144,0.006252223,0.75246,0.477121255,1.228448525,1.182887352,2.52941297,1.599446376,4.858603359,0.031499778,-0.764264365,0.001363862,0.024512392,0.000772135,-0.018733948,3.34E-05
Chaoyang,2003,211300,0,0,1.007612102,2.797267541,0.00608834,0.268380963,6.078525691,3.984243241,0.00472141,0.930669786,0.301029996,1.263477916,1.09268207,2.388507104,1.62838893,4.617136692,-0.505578957,-1.100535732,-0.000499761,0.014454184,-0.007307731,-0.015907346,-7.22E-06
Huludao,2003,211400,0,0,1.253552634,2.680335513,0.005903991,0.255741492,6.380264078,4.017952319,0.004048175,1.04120355,0.301029996,1.271966592,1.125941194,2.601549404,1.46686762,4.613915783,-0.259638424,-1.21746776,-0.00068411,0.001814714,-0.000471169,-0.002209355,-1.24E-06
Changchun,2003,220100,20,1.322219295,2.023515828,3.280350693,0.01499179,0.266756563,7.126468123,4.142117478,0.003422774,2.513464685,1.462397998,1.288285084,1.347265127,2.172121551,1.2955671,4.546567339,0.51032477,-0.61745258,0.008403689,0.012829784,0.006547356,-0.007921783,0.000107818
Jilin,2003,220200,1,0.301029996,1.174585997,3.231979027,0.005310945,0.263829845,6.778226449,4.025805017,0.002968012,2.003313963,0.903089987,1.31074533,1.317643219,1.71655256,1.581494542,4.368249685,-0.338605061,-0.665824246,-0.001277156,0.009903066,-0.003353228,-0.006593701,-1.26E-05
Siping,2003,220300,0,0,0.274532765,2.764922985,0.012045389,0.275897884,6.364188213,3.89732958,0.003459266,1.735398995,0.301029996,1.235091017,1.325410902,2.476272541,1.209246849,4.523173965,-1.238658294,-1.132880288,0.005457288,0.021971105,-0.027214691,-0.024890631,0.000119903
Liaoyuan,2003,220400,0,0,0.664941592,2.243038049,0.00476379,0.272211219,5.911746571,3.934544403,0.006408851,1.037240393,0.477121255,1.254739653,1.334855043,1.595027371,1.286231854,4.152655199,-0.848249466,-1.654765224,-0.001824311,0.01828444,-0.015509767,-0.030256456,-3.34E-05
Tonghua,2003,220500,0,0,0.784156867,3.06595298,0.006461032,0.271639401,6.284142763,3.989662908,0.002010541,1.418026865,0.301029996,1.257484903,1.320717438,2.492357726,1.380211242,4.191087553,-0.729034192,-0.831850293,-0.000127069,0.017712622,-0.012913107,-0.01473425,-2.25E-06
Baishan,2003,220600,0,0,0.732352629,2.432969291,0.003219763,0.273856049,6.040832874,3.925102115,0.00413248,0,0,1.198236273,1.432786423,1.72357031,1.174350597,4.402588055,-0.780838429,-1.464833982,-0.003368338,0.01992927,-0.01556154,-0.029193071,-6.71E-05
Songyuan,2003,220700,0,0,0.73882412,2.338456494,0.006621659,0.274964894,6.356278707,4.02727049,0.002573601,0,0,1.250905623,1.156050715,1.596752293,1.289142836,4.326171945,-0.774366939,-1.559346779,3.36E-05,0.021038115,-0.016291221,-0.032805717,7.06E-07
Baicheng,2003,220800,0,0,0.067928121,3.077004327,0.006371182,0.275924773,6.09115042,3.924766043,0.002622659,1.267948403,0.477121255,1.229854836,1.342401054,2.299261931,1.342027688,3.717753693,-1.445262938,-0.820798946,-0.000216919,0.021997994,-0.031792885,-0.01805593,-4.77E-06
Haerbin,2003,230100,0,0,1.392436222,3.760120785,0.007185691,0.259788652,7.150694806,4.095252016,0.004482156,2.432082224,1.51851394,1.198533272,1.272588403,2.82916558,1.290257269,4.594834356,-0.120754836,-0.137682488,0.00059759,0.005861873,-0.000707849,-0.000807077,3.50E-06
Qiqihaer,2003,230200,0,0,0.66032776,2.893206753,0.005551037,0.268241741,6.54427782,4.003504046,0.003230157,1.675861104,0.602059991,1.306055312,1.138782851,2.358549912,1.521268876,4.691859164,-0.852863299,-1.00459652,-0.001037064,0.014314962,-0.012208706,-0.014380761,-1.48E-05
Jixi,2003,230300,0,0,0.702084835,2.530199698,0.001989022,0.268516998,6.228219365,3.937685359,0.002494981,1.629870606,0.301029996,1.145154108,1.160944319,2.299043783,1.356025857,4.055760465,-0.811106224,-1.367603575,-0.004599079,0.014590219,-0.011834218,-0.019953636,-6.71E-05
Hegang,2003,230400,0,0,0.044743031,2.276461804,0.001551977,0.257967131,5.944511789,3.915257862,0.006802548,1.022865501,0.301029996,1.24434803,1.360058037,2.46442981,1.387567779,4.042260407,-1.468448027,-1.621341469,-0.005036124,0.004040352,-0.005933046,-0.00655079,-2.03E-05
Shuangyashan,2003,230500,0,0,0.165561215,2.376576957,0.001478199,0.256484209,6.060273535,3.86589482,0.001688515,0,0,1.19522605,1.222511605,2.521761688,1.524915148,4.185966893,-1.347629844,-1.521226316,-0.005109902,0.00255743,-0.003446468,-0.003890429,-1.31E-05
Daqing,2003,230600,1,0.301029996,0.910126378,2.56937391,0.027960721,0.273922028,7.05138447,4.294533459,0.005195156,2.097440475,0.602059991,1.272748134,1.369937779,2.983603904,1.714916248,4.636898928,-0.603064681,-1.328429363,0.02137262,0.019995249,-0.012058429,-0.026562276,0.000427351
Yichun,2003,230700,0,0,0.381542399,2.672097858,0.002111491,0.232346748,5.978048062,3.77237379,0.01004867,1.046733997,0.602059991,1.182911119,1.287706686,2.428620436,1.633771346,3.913018684,-1.13164866,-1.225705415,-0.00447661,-0.021580031,0.024421013,0.02645076,9.66E-05
Jiamusi,2003,230800,0,0,0.193069082,2.562292864,0.003586056,0.278038548,6.302893458,3.958536649,0.007136109,2.029675906,0.477121255,1.234186555,1.288621291,0,1.429913698,4.369661059,-1.320121976,-1.335510408,-0.003002045,0.024111769,-0.031830476,-0.032201519,-7.24E-05
Qitaihe,2003,230900,0,0,1.200504062,2.29666519,0.004221213,0.226569456,5.901396197,3.970169681,0.005639255,1.039401419,0.301029996,1.223000336,1.1476438,2.455472485,1.187802639,4.158090973,-0.312686996,-1.601138083,-0.002366888,-0.027357323,0.008554279,0.043802852,6.48E-05
Mudanjiang,2003,231000,0,0,0.974636422,2.776701184,0.004336252,0.271515452,6.426354594,3.977402566,0.002547584,1.899606377,0.84509804,1.232374831,1.26982828,2.673227796,1.545430829,4.513257564,-0.538554636,-1.121102089,-0.002251849,0.017588673,-0.009472462,-0.019718698,-3.96E-05
Heihe,2003,231100,0,0,0.173119924,2.471291711,0.003061364,0.262246284,5.987393181,3.820395239,0.000572926,1.021493058,0.301029996,1.305728963,1.391160876,2.314647007,1.007747778,3.867467488,-1.340071134,-1.426511562,-0.003526737,0.008319505,-0.011148729,-0.011867871,-2.93E-05
Suihua,2003,231200,0,0,0.535780483,2.742725131,0.004623477,0.275608133,6.543940839,3.89272443,0.000937158,0.950228104,0.301029996,1.309077763,0.952676071,1.950407799,0.903089987,3.817102404,-0.977410575,-1.155078142,-0.001964624,0.021681354,-0.021191584,-0.025043658,-4.26E-05
Shanghai,2003,310000,95,1.982271233,2.640489051,5.054766218,0.012894778,0.261829771,7.795936305,4.436251406,0.009639124,2.45194408,1.763427994,1.19739622,1.454462246,3.507940538,1.303412071,5.478183975,1.127297992,1.156962945,0.006306677,0.007902992,0.008909026,0.009143468,4.98E-05
Nanjing,2003,320100,2,0.477121255,2.587987825,3.985156921,0.014140305,0.262700566,7.197647168,4.346181179,0.004935389,2.766462111,1.602059991,1.235229479,1.286468313,3.158949771,2.138997014,5.150995773,1.074796767,0.087353648,0.007552204,0.008773787,0.009430038,0.000766422,6.63E-05
Wuxi,2003,320200,0,0,2.786213999,3.443106457,0.008103689,0.245629358,7.279032397,4.277136848,0.002948303,2.042543285,1,1.219693333,1.236887225,2.989368867,1.739809599,4.951847297,1.273022941,-0.454696816,0.001515588,-0.008297421,-0.010562807,0.003772811,-1.26E-05
Xuzhou,2003,320300,0,0,1.585712046,3.246252312,0.003317127,0.274887015,6.95702757,4.132035438,0.001811473,1.903250429,0.84509804,1.386854571,1.021359052,1.999687595,1.419294722,5.154299175,0.072520988,-0.651550961,-0.003270974,0.020960236,0.001520057,-0.013656662,-6.86E-05
Changzhou,2003,320400,1,0.301029996,2.394480308,3.157456768,0.005720088,0.243785318,6.954927238,4.23700506,0.003595706,2.188231556,0.954242509,1.299610061,1.223417912,2.795596373,1.371990911,4.659621502,0.88128925,-0.740346505,-0.000868012,-0.010141461,-0.008937561,0.007508195,8.80E-06
Suzhou,2003,320500,9,1,3.061646701,3.599555591,0.002999628,0.217843651,7.447399944,4.296482441,0.003911173,2.137530223,1.113943352,1.226212447,1.207206981,2.893569749,1.374198258,5.336201482,1.548455643,-0.298247682,-0.003588473,-0.036083128,-0.055873123,0.010761709,0.000129483
Nantong,2003,320600,0,0,1.977698443,3.301247089,0.00380927,0.250044868,7.002904426,4.131866212,0.001862648,1.757188556,0.954242509,1.286473259,1.081139922,2.483681433,1.560982056,4.836374759,0.464507385,-0.596556184,-0.002778831,-0.003881911,-0.001803176,0.002315778,1.08E-05
Lianyungang,2003,320700,0,0,1.666528344,3.121559844,0.006284237,0.276727461,6.537723036,4.051652927,0.001783713,1.72286956,0.602059991,1.346576071,0.982528571,2.207903922,1.393575203,4.668022299,0.153337285,-0.776243429,-0.000303864,0.022800682,0.003496195,-0.01769888,-6.93E-06
Huaian,2003,320800,0,0,1.307559566,2.85672889,0.003111451,0.267848469,6.623910672,4.03360387,0.002260138,1.861198042,0.77815125,1.326275926,0.962574571,2.237885578,0.989894564,4.426136989,-0.205631492,-1.041074383,-0.00347665,0.01392169,-0.002862738,-0.014493515,-4.84E-05
Yancheng,2003,320900,0,0,1.491567432,2.949390007,0.003601136,0.274263442,6.871216773,4.026097935,0.002127296,1.484584972,0.602059991,1.30007582,1.014499266,2.303562114,1.326949994,4.530954893,-0.021623627,-0.948413266,-0.002986965,0.020336663,-0.000439752,-0.019287561,-6.07E-05
Yangzhou,2003,321000,3,0.602059991,2.029512071,2.972202838,0.004453139,0.260034127,6.811051996,4.13995807,0.002678907,2.023467984,0.602059991,1.25324671,1.081194332,2.690586121,1.263162465,4.849566815,0.516321012,-0.925600435,-0.002134962,0.006107349,0.003153352,-0.005652964,-1.30E-05
Zhenjiang,2003,321100,1,0.301029996,2.480694293,3.082066934,0.00640669,0.260964167,6.806525982,4.183684006,0.003039268,2.216506019,0.698970004,1.272935376,1.193960049,2.67479007,1.678427322,4.923378743,0.967503235,-0.815736339,-0.000181411,0.007037388,0.006808696,-0.005740653,-1.28E-06
Taizhou,2003,321200,7,0.903089987,1.786027577,3.004321374,0.005025388,0.261115126,6.763458019,4.057828078,0.001999924,1.334278226,0.602059991,1.27728268,1.11896057,2.353254862,1.645127399,4.450941579,0.272836519,-0.893481899,-0.001562713,0.007188347,0.001961244,-0.006422658,-1.12E-05
Suqian,2003,321300,0,0,0.68201229,2.311753861,0.004170044,0.267376763,6.444341671,3.967878251,0.001144385,1.351805838,0.301029996,1.412199003,0.780342681,1.500240551,1.393926007,4.009068276,-0.831178768,-1.586049412,-0.002418057,0.013449984,-0.011179341,-0.021332338,-3.25E-05
Hangzhou,2003,330100,10,1.041392685,2.198372793,3.824646415,0.015288405,0.268992362,7.322172657,4.392131827,0.004763733,2.624009825,1.556302501,1.248685065,1.428897407,3.012983731,1.383635868,5.053051539,0.685181735,-0.073156858,0.008700304,0.015065583,0.010322662,-0.001102151,0.000131075
Ningbo,2003,330200,3,0.602059991,2.499110874,3.707910666,0.006399898,0.264525648,7.252089142,4.374607223,0.00323318,2.167014726,1.113943352,1.254762116,1.30877796,3.182694429,1.270678836,5.278918145,0.985919815,-0.189892607,-0.000188203,0.010598869,0.010449635,-0.002012647,-1.99E-06
Wenzhou,2003,330300,1,0.301029996,1.233621526,3.640183192,0.004363413,0.261221926,7.088647192,4.276782007,0.002020262,1.738068225,0.84509804,1.26048036,1.194873019,3.008282092,1.266466895,4.836191148,-0.279569532,-0.257620081,-0.002224688,0.007295147,-0.002039501,-0.001879376,-1.62E-05
Jiaxing,2003,330400,0,0,2.381245658,3.575534218,0.007490505,0.257564902,6.933501309,4.317611057,0.002978278,1.75658914,0.954242509,1.251782382,1.164687211,2.816034467,1.344785123,4.752509401,0.8680546,-0.322269055,0.000902404,0.003638123,0.003158089,-0.001172454,3.28E-06
Huzhou,2003,330500,0,0,2.322758407,2.915927212,0.00705268,0.277722873,6.690861813,4.300424384,0.001777981,1.68061853,0.698970004,1.300347254,1.256748949,2.668760674,1.209783015,4.764348022,0.809567349,-0.981876061,0.000464579,0.023796094,0.019264541,-0.023364815,1.11E-05
Shaoxing,2003,330600,1,0.301029996,2.236019149,3.580126325,0.003972233,0.262418454,7.037139649,4.294354883,0.002385838,1.658849268,0.698970004,1.281174846,1.233532949,2.98815967,1.561697533,4.835925091,0.72282809,-0.317676948,-0.002615868,0.008491675,0.006138021,-0.002697609,-2.22E-05
Jinhua,2003,330700,5,0.77815125,1.765174153,3.511616021,0.00711467,0.274978384,6.903959009,4.312934806,0.001893726,1.991636918,0.84509804,1.24008743,1.221466905,2.731396058,1.180125875,4.544018408,0.251983095,-0.386187252,0.000526569,0.021051605,0.005304649,-0.008129862,1.11E-05
Quzhou,2003,330800,0,0,0.975466815,2.928395852,0.004891542,0.263754697,6.368716875,4.268866626,0.001601855,1.48065046,0.301029996,1.258074874,1.226120066,2.633063703,1.21031852,4.494558078,-0.537724243,-0.969407421,-0.001696559,0.009827918,-0.00528471,-0.009527257,-1.67E-05
Zhoushan,2003,330900,0,0,1.268233975,3.036628895,0.006371182,0.274995215,6.236198813,4.273656042,0.003079025,1.808093009,0.301029996,1.259174943,1.334107468,2.894128027,1.549983611,4.348577429,-0.244957083,-0.861174378,-0.000216919,0.021068436,-0.005160863,-0.018143597,-4.57E-06
Taizhou2,2003,331000,0,0,1.602770842,3.575764981,0.005974911,0.273369923,6.997837266,4.322186618,0.001067429,1.348213471,0.602059991,1.260792364,1.090894788,2.849605388,1.105169428,4.759584754,0.089579784,-0.322038292,-0.00061319,0.019443144,0.001741713,-0.006261437,-1.19E-05
Lishui,2003,331100,0,0,0.77757041,3.347134783,0.007541732,0.275024388,6.342990643,4.270036817,0.001118252,1.691431041,0.477121255,1.231305096,1.150435124,2.101088607,1.036628895,3.797267541,-0.735620649,-0.55066849,0.000953631,0.021097609,-0.015519837,-0.011617789,2.01E-05
Hefei,2003,340100,14,1.176091259,1.536368869,3.150449409,0.015002108,0.271948902,6.865243957,4.14308322,0.003408822,2.254603506,1.505149978,1.383312364,1.103246013,2.885182631,1.362859303,4.643502025,0.023177811,-0.747353863,0.008414007,0.018022123,0.000417713,-0.013468903,0.000151638
Wuhu,2003,340200,6,0.84509804,1.976924662,2.201397124,0.003865106,0.247070232,6.45462217,4.05687323,0.005287412,2.466606353,0.954242509,1.334432724,1.191408209,2.80074649,1.563599729,4.321474151,0.463733604,-1.696406149,-0.002722995,-0.006856547,-0.003179611,0.011631488,1.87E-05
Bengbu,2003,340300,0,0,1.387061413,2.580924976,0.012234457,0.270481848,6.318364522,4.011347107,0.0026791,1.902137236,0.698970004,1.43709189,0.992075252,2.512435765,1.69565676,4.203250524,-0.126129646,-1.316878297,0.005646356,0.016555069,-0.002088085,-0.021801011,9.35E-05
Huainan,2003,340400,0,0,1.595045589,2.324282455,0.002526811,0.253082423,6.231735081,4.072541413,0.004277934,2.190393065,0.77815125,1.343518616,1.192353284,2.429156502,1.360404055,5.014650724,0.081854531,-1.573520818,-0.004061289,-0.000844356,-6.91E-05,0.001328612,3.43E-06
Maanshan,2003,340500,1,0.301029996,1.400986752,2.396199347,0.00755767,0.245872286,6.284484425,4.21089853,0.003867544,2.133972311,0.301029996,1.325437882,1.277901754,2.686091148,1.88536122,4.643817725,-0.112204306,-1.501603926,0.000969569,-0.008054493,0.000903749,0.012094659,-7.81E-06
Huaibei,2003,340600,0,0,1.20437279,2.414973348,0.004789758,0.225194079,6.122114258,4.025916316,0.002703089,1.887307471,0.477121255,1.329050958,1.20357395,2.048316986,1.179838928,4.620365119,-0.308818269,-1.482829925,-0.001798343,-0.0287327,0.008873183,0.042605707,5.17E-05
Tongling,2003,340700,0,0,1.813643923,2.503790683,0.001819418,0.237382089,6.013026924,4.040770409,0.006708846,2.091047859,0.477121255,1.20867651,1.272788084,2.849744493,1.630427875,4.62898121,0.300452865,-1.39401259,-0.004768683,-0.01654469,-0.004970899,0.023063506,7.89E-05
Anqing,2003,340800,0,0,0.506618582,2.846337112,0.004748057,0.272203027,6.505734254,3.98392248,0.001745363,1.279070742,0.477121255,1.323481848,0.995614898,2.152418706,2.008259415,4.310438395,-1.006572476,-1.051466161,-0.001840044,0.018276248,-0.018396368,-0.019216856,-3.36E-05
Huangshan,2003,341000,0,0,1.345087159,2.474216264,0.005334288,0.275443709,6.035104596,4.038428203,0.001892565,1.628335715,0.301029996,1.228166695,1.15286837,2.47605483,1.510410948,3.356217134,-0.1681039,-1.423587009,-0.001253813,0.02151693,-0.00361708,-0.030631222,-2.70E-05
Chuzhou,2003,341100,0,0,1.011731207,2.908485019,0.002145632,0.273029732,6.477844621,3.927401676,0.001302113,1.722856302,0.698970004,1.406335394,1.001955703,2.182859123,1.626853415,4.03410683,-0.501459851,-0.989318254,-0.004442469,0.019102953,-0.009579364,-0.0188989,-8.49E-05
Fuyang,2003,341200,0,0,0.236378858,2.715167358,0.003569119,0.269860103,6.336181056,3.932137767,0.000303242,1.193436721,0.477121255,1.519267721,0.785179401,1.829121197,1.027349608,3.856849679,-1.2768122,-1.182635915,-0.003018982,0.015933324,-0.020343863,-0.018843321,-4.81E-05
Suzhou2,2003,341300,6,0.84509804,0.482181947,2.57054294,0.003942782,0.270683466,6.342282105,3.911028633,0.001055338,1.393431056,0.698970004,1.448085547,0.847559074,1.953480011,0.655138435,3.880184553,-1.031009112,-1.327260333,-0.002645319,0.016756687,-0.017276297,-0.022240486,-4.43E-05
Luan,2003,341500,0,0,0.254695513,2.832508913,0.004693007,0.270948376,6.320287772,3.919796438,0.002296747,1.368416741,0.602059991,1.412511006,0.940029699,1.910354966,0.712649702,4.061829307,-1.258495545,-1.06529436,-0.001895094,0.017021597,-0.021421604,-0.018133011,-3.23E-05
Bozhou,2003,341600,0,0,0.75156073,2.396199347,0.002091729,0.271160611,6.263047064,3.902914062,0.000589071,0.786901737,0.477121255,1.48296676,0.677182931,1.906927115,0.582063363,3.638089722,-0.761630328,-1.501603926,-0.004496372,0.017233832,-0.013125809,-0.02587839,-7.75E-05
Chizhou,2003,341700,0,0,1.153311413,1.69019608,0.00420773,0.275138183,5.877963058,4.008452401,0.001775205,1.639025463,0.477121255,1.27645632,0.964925422,2.232311904,0.868644438,4.004922949,-0.359879645,-2.207607193,-0.002380371,0.021211404,-0.007633553,-0.046826449,-5.05E-05
Xuancheng,2003,341800,0,0,1.172641119,2.463892989,0.003014783,0.264166092,6.307873261,4.025173918,0.001671821,0.833897756,0.301029996,1.3088009,0.984481542,1.756277212,0.831229694,4.068445618,-0.34054994,-1.433910284,-0.003573318,0.010239313,-0.003486997,-0.014682256,-3.66E-05
Fuzhou,2003,350100,4,0.698970004,2.334962375,3.560504415,0.008460921,0.255345001,7.129585494,4.177644988,0.001767009,2.334111565,1.505149978,1.260562575,1.252325878,2.959629808,1.5132176,4.561208751,0.821771316,-0.337298858,0.00187282,0.001418222,0.001165454,-0.000478365,2.66E-06
Xiamen,2003,350200,5,0.77815125,2.943363578,3.649918719,0.005176038,0.205815006,6.880638411,4.279314849,0.005727739,2.529287073,0.84509804,1.224197691,1.46573607,3.521597895,1.438384107,4.488564817,1.43017252,-0.247884554,-0.001412063,-0.048111773,-0.068808136,0.011926165,6.79E-05
Putian,2003,350300,1,0.301029996,1.924558054,2.936010796,0.00240607,0.221043087,6.419551815,4.068175468,0.00079609,1.386737384,0.301029996,1.29827703,0.908295977,2.660347192,0.890421019,4.229067202,0.411366996,-0.961792477,-0.004182031,-0.032883692,-0.013527265,0.031627287,0.000137521
Sanming,2003,350400,0,0,1.450573959,3.012837225,0.004931855,0.265859772,6.506074854,4.144992112,0.003296829,1.316291447,0.301029996,1.291280149,1.2011793,2.725577659,1.582858462,4.611585246,-0.062617099,-0.884966048,-0.001656246,0.011932993,-0.000747209,-0.010560293,-1.98E-05
Quanzhou,2003,350500,4,0.698970004,2.178833686,3.465977368,0.001286799,0.203750359,7.139913892,4.118356008,0.000466147,1.824183472,1.146128036,1.294583047,0.914862536,2.873921628,1.405687787,4.14088498,0.665642628,-0.431825905,-0.005301302,-0.05017642,-0.033399564,0.021667478,0.000266
Zhangzhou,2003,350600,0,0,2.220785061,2.938019097,0.003774154,0.255899262,6.780603147,4.044516634,0.001244278,1.403781834,0.602059991,1.317683176,1.067608898,2.723214991,1.418632687,3.613207352,0.707594003,-0.959784175,-0.002813947,0.001972483,0.001395717,-0.001893158,-5.55E-06
Nanping,2003,350700,0,0,1.963046555,2.767155866,0.004498382,0.270059864,6.451230859,4.076642628,0.003417852,1.561483756,0.602059991,1.3017635,1.084007637,2.687917107,1.122543524,4.187464315,0.449855496,-1.130647407,-0.002089719,0.016133085,0.007257557,-0.018240831,-3.37E-05
Longyan,2003,350800,1,0.301029996,1.235011733,3.024485668,0.006627206,0.275425685,6.468932347,4.128506537,0.002537569,1.419724393,0.477121255,1.271960993,1.040123995,2.823269947,1.317436497,4.535762348,-0.278179326,-0.873317605,3.91E-05,0.021498906,-0.005980551,-0.018775373,8.41E-07
Ningde,2003,350900,0,0,1.385421209,3.049605613,0.00489811,0.271700588,6.431153161,4.113098329,0.001480003,0.994461,0.301029996,1.260014322,1.027841651,2.527451238,0.894869657,2.447158031,-0.127769849,-0.84819766,-0.001689991,0.017773809,-0.002270957,-0.015075703,-3.00E-05
Nanchang,2003,360100,0,0,2.115428008,3.147057671,0.014084721,0.269942978,6.8068749,4.14344482,0.00315451,2.612908547,1.531478917,1.333441321,1.181086493,3.016152344,1.397592434,4.521216564,0.60223695,-0.750745602,0.00749662,0.016016199,0.009645547,-0.012024091,0.000120067
Jingdezhen,2003,360200,0,0,1.847530227,2.51054501,0.009824778,0.260482186,6.148266625,3.981268485,0.00297683,1.871446173,0.477121255,1.291906286,1.061168689,2.324712494,1.663700925,4.218509247,0.334339169,-1.387258263,0.003236677,0.006555407,0.002191729,-0.009094042,2.12E-05
Pingxiang,2003,360300,0,0,1.363182952,2.741939078,0.004354705,0.268650016,6.15492463,4.014730075,0.004283874,1.608796532,0.477121255,1.275895774,1.099636121,2.570953005,1.249442961,4.210826639,-0.150008106,-1.155864195,-0.002233396,0.014723237,-0.002208605,-0.017018063,-3.29E-05
Jiujiang,2003,360400,1,0.301029996,1.859285754,2.941014244,0.006521061,0.270307845,6.486819965,3.989384402,0.002119002,1.970009266,0.84509804,1.317006881,1.060053833,2.175361158,1.975063996,4.625662216,0.346094695,-0.956789029,-6.70E-05,0.016381066,0.0056694,-0.015673225,-1.10E-06
Xinyu,2003,360500,0,0,1.543738844,2.53529412,0.000953124,0.242683128,6.037825149,4.05711471,0.002810721,1.62027461,0.301029996,1.207332451,1.140546263,2.311009275,1.35945602,4.235856569,0.030547786,-1.362509153,-0.005634977,-0.011243651,-0.000343469,0.015319577,6.34E-05
Yingtan,2003,360600,0,0,1.404013871,2.294466226,0.00627151,0.265371284,5.901587991,4.058784625,0.002615567,1.297176292,0.301029996,1.289113793,1.1164756,2.457614589,1.394626764,4.427972714,-0.109177187,-1.603337047,-0.000316591,0.011444505,-0.001249479,-0.018349398,-3.62E-06
Ganzhou,2003,360700,0,0,1.765652781,3.160168293,0.005924631,0.269532911,6.537894115,3.969076545,0.001480408,1.645483262,0.77815125,1.354011204,0.953335913,2.214252138,1.332034277,4.128108349,0.252461723,-0.73763498,-0.00066347,0.015606132,0.003939951,-0.011511629,-1.04E-05
Jian,2003,360800,0,0,1.362648508,2.684845362,0.005006909,0.275504647,6.31539195,3.943219904,0.002003634,1.36378747,0.602059991,1.265924153,1.020223058,2.117183141,1.208441356,4.380663396,-0.15054255,-1.212957911,-0.001581192,0.021577868,-0.003248387,-0.026173046,-3.41E-05
Yichun2,2003,360900,1,0.301029996,1.232141982,2.931457871,0.004713996,0.277125137,6.397066198,3.96648856,0.001145033,1.372231359,0.477121255,1.272637652,1.036091448,2.523955773,1.071513805,4.683407299,-0.281049076,-0.966345402,-0.001874105,0.023198358,-0.006519877,-0.022417627,-4.35E-05
Fuzhou2,2003,361000,0,0,1.256625884,2.794488047,0.002934433,0.272556024,6.226370713,3.90916274,0.001958568,1.5890115,0.477121255,1.287460583,1.048978562,2.560695367,0.752816431,4.323293361,-0.256565174,-1.103315226,-0.003653668,0.018629245,-0.004779616,-0.02055393,-6.81E-05
Shangrao,2003,361100,0,0,1.147732323,2.71432976,0.003590468,0.273340907,6.402702161,3.97197174,0.000884363,1.201107757,0.698970004,1.327606446,0.940215333,2.336477756,1.265760917,4.437211323,-0.365458736,-1.183473513,-0.002997633,0.019414128,-0.007095063,-0.022976106,-5.82E-05
Jinan,2003,370100,0,0,2.009410423,3.561578368,0.010503954,0.267246456,7.186214663,4.204866869,0.003871267,2.636227885,1.838849091,1.210438985,1.396867519,3.057860912,1.249687428,5.110532474,0.496219364,-0.336224905,0.003915853,0.013319677,0.006609482,-0.004478407,5.22E-05
Qingdao,2003,370200,21,1.342422681,2.592815586,3.378761175,0.005059799,0.22811391,7.250522489,4.185720312,0.004319465,2.370554385,1.414973348,1.213047646,1.293709512,2.727380484,1.565611725,4.975463977,1.079624528,-0.519042098,-0.001528302,-0.025812869,-0.027868206,0.013397966,3.94E-05
Zibo,2003,370300,0,0,1.933777901,3.687261346,0.002169669,0.24440286,7.001465483,4.127260663,0.002877891,1.990113594,0.84509804,1.221868708,1.264895742,2.680853301,1.622731965,5.276477889,0.420586843,-0.210541927,-0.004418432,-0.009523919,-0.004005635,0.002005184,4.21E-05
Zaozhuang,2003,370400,1,0.301029996,1.142025569,2.970346876,0.002325728,0.268134622,6.583470945,4.021594865,0.001612474,1.560375776,0.477121255,1.286286402,1.242284212,2.065564028,1.010299957,4.839936611,-0.37116549,-0.927456397,-0.004262373,0.014207843,-0.005273461,-0.013177155,-6.06E-05
Dongying,2003,370500,11,1.079181246,2.175916173,2.979092901,0.000814812,0.231222653,6.842659218,4.325990747,0.001964747,2.141407651,0.84509804,1.174554075,1.362387326,2.559871302,1.609807769,4.763465431,0.662725114,-0.918710372,-0.005773289,-0.022704126,-0.015046595,0.020858516,0.000131077
Yantai,2003,370600,1,0.301029996,2.502997837,3.317645543,0.004586737,0.260416199,7.119255922,4.128061137,0.002658526,2.093639315,0.84509804,1.208553555,1.23273247,2.639614949,1.506640306,4.921702079,0.989806778,-0.58015773,-0.002001364,0.00648942,0.006423272,-0.003764887,-1.30E-05
Weifang,2003,370700,0,0,1.780842029,3.212187604,0.002580048,0.252344506,7.012837267,4.032691272,0.001712668,1.723163593,1,1.20367041,1.141002942,2.367391716,1.376394442,4.971118064,0.26765097,-0.685615669,-0.004008053,-0.001582273,-0.000423497,0.001084831,6.34E-06
Jining,2003,370800,0,0,1.474434534,3.172602931,0.002241332,0.268993935,6.945768893,4.078745647,0.001497541,1.718823201,0.84509804,1.348799372,1.128391519,2.243153406,1.219060332,5.073776985,-0.038756525,-0.725200342,-0.004346769,0.015067156,-0.000583951,-0.010926706,-6.55E-05
Taian,2003,370900,0,0,1.453636267,3.150449409,0.003489885,0.265457235,6.78108734,4.017118937,0.001757803,2.096931582,0.77815125,1.256304835,1.12031372,2.571034778,1.125806458,4.89040425,-0.059554791,-0.747353863,-0.003098216,0.011530456,-0.000686694,-0.008617331,-3.57E-05
Weihai,2003,371000,0,0,2.647856358,2.827369273,0.002109133,0.228216538,6.922216719,4.049864717,0.001340116,1.852710833,0.602059991,1.194679991,1.220633067,2.523006561,1.563836919,4.633013723,1.134665299,-1.070434,-0.004478968,-0.025710241,-0.029172518,0.027521116,0.000115155
Rizhao,2003,371100,9,1,1.687160669,2.664641976,0.002824272,0.264822586,6.49369514,4.009782652,0.001471249,1.957956946,0.477121255,1.257434816,0.988091939,2.033461875,1.1752218,4.561196822,0.173969611,-1.233161297,-0.003763829,0.010895807,0.001895539,-0.013436287,-4.10E-05
Linyi,2003,371300,0,0,1.397764718,3.224791956,0.003252481,0.26660863,6.921478432,3.995021485,0.001132786,1.40001064,0.477121255,1.279319736,1.022089394,2.269410741,1.270445908,4.653858649,-0.115426341,-0.673011316,-0.00333562,0.012681851,-0.00146382,-0.008535029,-4.23E-05
Dezhou,2003,371400,0,0,1.796029778,3.204119983,0.002355324,0.263284431,6.745605697,3.920219362,0.001533728,1.42448939,0.477121255,1.281002387,1.088089013,2.042099421,1.363047595,5.040277882,0.282838719,-0.69368329,-0.004232777,0.009357652,0.002646706,-0.006491247,-3.96E-05
Liaocheng,2003,371500,0,0,1.354986436,3.126456113,0.001374153,0.256517625,6.657237664,3.993092186,0.00075929,1.656700327,0.477121255,1.329967319,1.042749188,1.899152634,1.192288613,4.696356389,-0.158204623,-0.77134716,-0.005213948,0.002590846,-0.000409884,-0.001998442,-1.35E-05
Binzhou,2003,371600,0,0,2.022637327,2.64738297,0.001287753,0.230113577,6.609060657,4.010731068,0.00120957,1.723115064,0.698970004,1.294589096,1.12752416,1.921993548,1.110926242,4.68491714,0.509446268,-1.250420303,-0.005300348,-0.023813202,-0.012131547,0.029776511,0.000126218
Heze,2003,371700,0,0,1.19726692,2.751279104,0.002880695,0.266662107,6.462547879,3.890951127,0.000873402,1.044286096,0.477121255,1.385658783,1.006739938,1.83291414,0.916453949,4.49586335,-0.315924139,-1.146524169,-0.003707406,0.012735328,-0.004023398,-0.014601361,-4.72E-05
Zhengzhou,2003,410100,0,0,1.653692848,3.278067331,0.013976088,0.274978729,7.042290785,4.131586267,0.002066788,2.589952709,1.491361694,1.347199055,1.347071954,2.77597684,1.273464273,4.892495305,0.14050179,-0.619735942,0.007387987,0.021051951,0.002957837,-0.01304665,0.000155532
Kaifeng,2003,410200,0,0,0.616375365,2.77524626,0.004841683,0.272066739,6.450390462,3.886748405,0.001915883,1.888212375,0.602059991,1.353085606,1.069686876,2.313997666,1.298197867,4.22940024,-0.896815694,-1.122557013,-0.001746418,0.01813996,-0.016268201,-0.020363139,-3.17E-05
Luoyang,2003,410300,0,0,0.40033064,2.767897616,0.016023326,0.263849726,6.836524503,4.031254515,0.001366834,1.88366459,0.698970004,1.272322581,1.106161172,2.625234162,1.426023016,5.265838631,-1.112860418,-1.129905657,0.009435225,0.009922947,-0.011042855,-0.011211994,9.36E-05
Pingdingshan,2003,410400,0,0,0.807123205,2.828015064,0.004326157,0.267193161,6.563080899,4.015714257,0.001387566,1.590080397,0.698970004,1.319286262,0.997328906,2.36789094,1.18920949,4.859582576,-0.706067854,-1.069788209,-0.002261944,0.013266382,-0.009366966,-0.014192219,-3.00E-05
Anyang,2003,410500,0,0,0.845233009,3.060320029,0.003388806,0.265165451,6.558452597,4.023903208,0.001111155,1.533948736,0.602059991,1.301659405,1.000304553,2.463008629,1.289142836,4.877992967,-0.667958049,-0.837483244,-0.003199295,0.011238672,-0.007506961,-0.009412199,-3.60E-05
Hebi,2003,410600,0,0,0.971227769,2.440909082,0.00298672,0.264882822,6.087242828,3.962602759,0.000966003,1.067292673,0.301029996,1.353586538,1.044055988,2.58472736,1.288249226,4.706419049,-0.541963289,-1.456894191,-0.003601381,0.010956043,-0.005937773,-0.015961795,-3.95E-05
Xinxiang,2003,410700,0,0,0.960445469,2.828015064,0.007074817,0.262479292,6.578576525,3.924708199,0.001525236,1.96564634,0.84509804,1.340919873,1.164050127,2.526395225,1.452859336,4.725339816,-0.552745589,-1.069788209,0.000486716,0.008552513,-0.004727364,-0.009149377,4.16E-06
Jiaozuo,2003,410800,0,0,0.991529233,2.894316063,0.00240385,0.26701738,6.533289721,3.982649267,0.001569959,1.918268605,0.602059991,1.274162304,1.158225411,2.331209621,1.518645524,4.836748074,-0.521661825,-1.00348721,-0.004184251,0.013090601,-0.006828867,-0.01313625,-5.48E-05
Puyang,2003,410900,0,0,0.970454182,3.009450896,0.001564002,0.273575967,6.423295037,4.081750086,0.001581483,0.963987748,0.301029996,1.367864323,0.921304909,1.551460171,1.394276527,4.208656301,-0.542736877,-0.888352377,-0.005024099,0.019649189,-0.010664339,-0.017455403,-9.87E-05
Xuchang,2003,411000,3,0.602059991,0.422619847,2.822168079,0.005442151,0.271263948,6.614564727,3.935107551,0.000776279,1.407034165,0.477121255,1.307205051,0.949449976,2.454971566,1.509605705,4.458743577,-1.090571212,-1.075635194,-0.001145949,0.017337169,-0.018907418,-0.018648469,-1.99E-05
Luohe,2003,411100,0,0,1.305712866,2.696356389,0.002907983,0.26098379,6.345506449,3.898503042,0.001001475,1.348758444,0.301029996,1.342588537,0.985900282,1.989797829,1.502017215,3.987934265,-0.207478193,-1.201446884,-0.003680118,0.007057011,-0.001464176,-0.008478624,-2.60E-05
Sanmenxia,2003,411200,0,0,1.301216728,2.436162647,0.003403439,0.270315879,6.351339169,3.995899639,0.002094653,1.090037758,0.301029996,1.280344496,1.087473555,2.487443098,1.28780173,4.960151956,-0.211974331,-1.461640626,-0.003184662,0.0163891,-0.003474069,-0.023954975,-5.22E-05
Nanyang,2003,411300,0,0,0.634668573,2.980457892,0.006824955,0.273492564,6.859832973,3.943261973,0.001144015,1.386553549,0.602059991,1.30246152,0.888979241,1.330734087,1.326335861,4.747139803,-0.878522485,-0.917345381,0.000236854,0.019565785,-0.017188982,-0.017948583,4.63E-06
Shangqiu,2003,411400,0,0,0.561977326,2.88592634,0.003452545,0.270909003,6.531158698,3.840217164,0.001130175,1.279485729,0.602059991,1.418976803,0.937299792,1.861590952,0.918554531,4.514521189,-0.951213732,-1.011876933,-0.003135556,0.016982224,-0.016153724,-0.01718392,-5.32E-05
Xinyang,2003,411500,0,0,0.549989282,2.943988875,0.009086443,0.274626622,6.540476384,3.914787804,0.000769297,1.397192049,0.477121255,1.35453821,0.939843792,1.883731155,0.8876173,4.273996114,-0.963201777,-0.953814398,0.002498342,0.020699843,-0.019938126,-0.019743808,5.17E-05
Zhoukou,2003,411600,0,0,0.464220768,2.944482672,0.001738827,0.269278131,6.605803283,3.80152856,0.000414424,1.008914792,0.477121255,1.377844373,0.971261825,1.765237442,1.219322508,3.910304168,-1.048970291,-0.953320601,-0.004849273,0.015351352,-0.016103112,-0.01463476,-7.44E-05
Zhumadian,2003,411700,0,0,0.356624262,2.976808337,0.005164984,0.272332533,6.53871747,3.889866198,0.000685712,1.025921452,0.477121255,1.354195935,0.95897722,2.038190188,1.052693942,4.342067204,-1.156566796,-0.920994936,-0.001423116,0.018405754,-0.021287484,-0.016951606,-2.62E-05
Wuhan,2003,420100,7,0.903089987,2.355059996,3.95679252,0.015374592,0.264896338,7.220678,4.137695525,0.00661508,2.79859998,1.69019608,1.250233433,1.419974625,3.021428388,0.970346876,5.045717968,0.841868938,0.058989247,0.008786491,0.010969559,0.009234931,0.000647086,9.64E-05
Huangshi,2003,420200,0,0,1.790388677,2.63447727,0.004736083,0.263335158,6.43717974,4.016172667,0.003225396,1.838201862,0.477121255,1.339392773,1.262646186,2.574783774,1.495266744,4.607948016,0.277197619,-1.263326003,-0.001852018,0.009408379,0.00260798,-0.01188585,-1.74E-05
Shiyan,2003,420300,0,0,0.997986037,2.475671188,0.00438095,0.246634028,6.384425283,4.141451028,0.002336401,1.95405888,0.77815125,1.322951752,1.297306563,2.002309643,2.389343311,4.383348518,-0.515205021,-1.422132085,-0.002207151,-0.007292751,0.003757262,0.010371255,1.61E-05
Yichang,2003,420500,0,0,1.930784453,2.803457116,0.008413026,0.273696128,6.691396882,3.998820593,0.00297119,1.779653054,0.477121255,1.246851243,1.30517322,2.315735892,1.306210508,4.641672373,0.417593394,-1.094346157,0.001824925,0.019769349,0.00825555,-0.021634511,3.61E-05
Xiangyang,2003,420600,0,0,1.093944662,3.004321374,0.009914942,0.26195449,6.701835646,3.927513564,0.002962538,1.674600755,0.477121255,1.29382237,1.198115504,2.31974627,1.315340477,4.757722386,-0.419246396,-0.893481899,0.003326841,0.008027711,-0.003365589,-0.007172614,2.67E-05
Ezhou,2003,420700,0,0,1.691312626,2.40654018,0.006349006,0.253113769,6.099335623,3.91611375,0.010854006,1.491375122,0.301029996,1.347848824,1.240307074,2.399350204,0.973589623,4.287376182,0.178121567,-1.491263092,-0.000239095,-0.00081301,-0.000144815,0.001212412,1.94E-07
Jingmen,2003,420800,7,0.903089987,1.340606372,2.482873584,0.007312896,0.266852366,6.515226687,3.982232326,0.002057943,1.853328974,0.477121255,1.276595057,1.267210774,2.140661482,1.445448514,4.765139332,-0.172584686,-1.414929689,0.000724795,0.012925587,-0.002230758,-0.018288797,9.37E-06
Xiaogan,2003,420900,0,0,1.143570739,2.813580989,0.004705832,0.269815498,6.535990079,3.904071468,0.002096979,1.595146411,0.477121255,1.35108207,1.093863705,2.129543261,1.262688344,4.480553063,-0.36962032,-1.084222284,-0.001882269,0.015888719,-0.005872794,-0.017226904,-2.99E-05
Jingzhou,2003,421000,0,0,0.977349423,2.869818208,0.005443722,0.271668505,6.591042446,3.929840753,0.003028006,1.902727812,0.84509804,1.320165768,0.970084661,1.778796603,1.180412633,4.519736139,-0.535841635,-1.027985065,-0.001144378,0.017741726,-0.009506755,-0.018238229,-2.03E-05
Huanggang,2003,421100,0,0,0.893631555,2.973127854,0.005954894,0.272590464,6.587974716,3.90045671,0.001349386,1.468724669,0.477121255,1.395481568,1.080592241,1.685602709,1.342817315,3.919914481,-0.619559503,-0.924675419,-0.000633206,0.018663685,-0.011563264,-0.017257851,-1.18E-05
Xianning,2003,421200,0,0,1.237177898,2.514547753,0.005106675,0.266109574,6.239750061,3.927901356,0.006578562,1.808898273,0.477121255,1.359728053,1.069514314,2.172920603,1.027349608,3.878579238,-0.27601316,-1.38325552,-0.001481426,0.012182795,-0.003362612,-0.016851918,-1.80E-05
Suizhou,2003,421300,0,0,0.464639948,2.146128036,0.003643432,0.273225795,6.195567857,3.905094509,0.002479508,0.881899001,0.301029996,1.341762018,1.016719189,1.994319067,1.987263954,3.943988875,-1.04855111,-1.751675237,-0.002944669,0.019299016,-0.020236004,-0.033805608,-5.68E-05
Changsha,2003,430100,2,0.477121255,1.926532375,3.429590802,0.017992896,0.276884852,6.968242806,4.230152734,0.003758936,2.650675551,1.579783597,1.270183265,1.308952366,3.036799259,1.478566496,4.736125482,0.413341316,-0.468212471,0.011404795,0.022958073,0.00948952,-0.010749256,0.000261832
Zhuzhou,2003,430200,0,0,1.39982375,2.862727528,0.00782805,0.25737178,6.583297301,4.128835929,0.003225094,2.084453796,0.903089987,1.319800188,1.1418055,2.592164865,1.529686954,4.888595049,-0.113367308,-1.035075745,0.001239949,0.003445001,-0.000390551,-0.003565837,4.27E-06
Xiangtan,2003,430300,0,0,1.606534488,2.693726949,0.007154327,0.256277508,6.427627118,4.07681369,0.002451958,2.385427153,0.698970004,1.302131152,1.18729748,2.717199343,1.780677274,4.571545795,0.09334343,-1.204076324,0.000566226,0.002350729,0.000219425,-0.002830457,1.33E-06
Hengyang,2003,430400,24,1.397940009,1.34835751,2.88536122,0.00514322,0.273682342,6.64881154,4.028950891,0.001867721,1.727776327,0.77815125,1.222888093,1.183266852,2.264070972,1.305566314,4.668628159,-0.164833549,-1.012442053,-0.001444881,0.019755563,-0.00325638,-0.020001363,-2.85E-05
Shaoyang,2003,430500,2,0.477121255,0.858108488,2.64738297,0.002975117,0.275525795,6.454975433,3.99696718,0.001193166,1.314498351,0.477121255,1.347430993,0.95412389,2.230214617,1.044147621,4.190191581,-0.655082571,-1.250420303,-0.003612984,0.021599016,-0.014149139,-0.027007848,-7.80E-05
Yueyang,2003,430600,0,0,1.385659125,2.808885867,0.004287759,0.269610757,6.694769936,4.041915892,0.00228136,1.194897468,0.301029996,1.230927752,0.928379513,2.127262021,1.565139152,4.484556069,-0.127531933,-1.088917406,-0.002300342,0.015683978,-0.002000208,-0.017078556,-3.61E-05
Changde,2003,430700,0,0,1.272555316,2.768638101,0.004328552,0.272137071,6.687157289,4.097874811,0.00182026,1.387814279,0.602059991,1.27653184,1.091240801,2.13911078,1.168202747,4.634195038,-0.240635743,-1.129165172,-0.002259549,0.018210292,-0.004382047,-0.020562428,-4.11E-05
Zhangjiajie,2003,430800,0,0,1.033726591,2.269512944,0.009179618,0.279820239,5.913330563,4.089405916,0.001556398,1.79891735,0.477121255,1.281917979,1.116448607,2.364698555,1.218272854,3.927319025,-0.479464468,-1.628290329,0.002591517,0.02589346,-0.012414994,-0.042162071,6.71E-05
Yiyang,2003,430900,0,0,1.109595275,2.698970004,0.002906071,0.268377929,6.379619474,3.949851382,0.001736518,1.306104626,0.301029996,1.280610583,1.141576588,2.150792374,1.033825694,4.743337267,-0.403595784,-1.198833269,-0.00368203,0.01445115,-0.005832423,-0.01732452,-5.32E-05
Chenzhou,2003,431000,0,0,1.672292253,2.867467488,0.006577722,0.275599972,6.510894718,4.08388443,0.001865685,1.45380853,0.602059991,1.388518036,1.126937615,2.219420544,1.288919606,4.471218344,0.159101195,-1.030335785,-1.04E-05,0.021673193,0.003448231,-0.022330667,-2.25E-07
Yongzhou,2003,431100,0,0,0.995344129,2.761927838,0.003800893,0.2681529,6.447710939,4.012490072,0.001473937,1.350963972,0.602059991,1.282029986,1.046721814,1.943707524,0.907411361,4.233046902,-0.517846929,-1.135875435,-0.002787208,0.014226121,-0.007366953,-0.016159101,-3.97E-05
Huaihua,2003,431200,0,0,0.690126308,2.397940009,0.004021274,0.272655519,6.397268766,4.026313815,0.002188329,1.396949267,0.698970004,1.281372405,1.088901401,2.061066352,1.692053365,4.696164103,-0.82306475,-1.499863264,-0.002566827,0.01872874,-0.015414966,-0.02809055,-4.81E-05
Loudi,2003,431300,0,0,1.217203956,2.736396502,0.004543967,0.272643689,6.324798773,4.041490983,0.002313419,1.352677581,0.602059991,1.301646922,1.162884462,2.180097068,1.581038949,4.736643462,-0.295987103,-1.161406771,-0.002044133,0.01871691,-0.005539964,-0.021737946,-3.83E-05
Guangzhou,2003,440100,12,1.113943352,2.552514462,4.318647569,0.009955349,0.26419977,7.54368058,4.459480393,0.004339399,2.714120186,1.653212514,1.258967846,1.523169519,3.637613983,2.254693059,5.252178016,1.039323404,0.420844296,0.003367248,0.010272991,0.01067696,0.00432333,3.46E-05
Shaoguan,2003,440200,0,0,1.990628172,2.82672252,0.004724062,0.268716842,6.428183568,4.145372948,0.002512002,1.749939492,0.477121255,1.262408081,1.167650789,2.338314421,1.491781776,4.778939503,0.477437114,-1.071080753,-0.001864039,0.014790063,0.007061325,-0.015841352,-2.76E-05
Shenzhen,2003,440300,7,0.903089987,3.380473646,4.183981219,0.004944432,0.24841139,7.461709635,4.492111675,0.006260319,2.32984746,1,1.255863139,1.77834927,4.180215331,2.817545538,4.610670807,1.867282588,0.286177946,-0.001643668,-0.005515389,-0.01029879,-0.001578383,9.07E-06
Zhuhai,2003,440400,9,1,3.060292562,3.448551739,0.002535857,0.202975707,6.675112922,4.283360035,0.00585421,0,0,1.301389694,1.462295738,3.397584082,1.701222484,4.50988771,1.547101504,-0.449251534,-0.004052244,-0.050951072,-0.078826481,0.022889847,0.000206466
Shantou,2003,440500,1,0.301029996,1.6300187,3.675319983,0.004484013,0.269324341,6.721785397,4.07776277,0.001343352,1.233953847,0.301029996,1.356948588,1.055151845,1.942812687,1.030194785,4.362614402,0.116827642,-0.22248329,-0.002104088,0.015397562,0.001798861,-0.0034257,-3.24E-05
Foshan,2003,440600,12,1.113943352,2.552521746,4.336739833,0.003039936,0.249587077,7.140380816,4.246562342,0.003536222,1.765409838,0.602059991,1.265500168,1.649480117,3.285204858,1.146128036,5.072624825,1.039330688,0.438936561,-0.003548165,-0.004339702,-0.004510386,-0.001904854,1.54E-05
Jiangmen,2003,440700,3,0.602059991,2.34899485,3.331832044,0.003614468,0.252792275,6.863371998,4.093635277,0.006051724,1.297111475,0.301029996,1.274573059,1.182432909,2.690100426,1.796504952,4.380066453,0.835803791,-0.565971228,-0.002973633,-0.001134504,-0.000948223,0.000642097,3.37E-06
Zhanjiang,2003,440800,3,0.602059991,1.418781913,2.930439595,0.004378345,0.27525728,6.716814132,4.080482901,0.001405891,1.824190964,0.602059991,1.426663225,0.982088449,1.917660699,1.209783015,4.677442693,-0.094409146,-0.967363678,-0.002209756,0.021330501,-0.002013794,-0.020634352,-4.71E-05
Maoming,2003,440900,0,0,1.207406392,2.868056362,0.001656752,0.273657221,6.817733833,4.094826664,0.001339453,1.259332732,0.301029996,1.343816845,0.802626088,2.160532118,1.042575512,4.573660512,-0.305784667,-1.029746911,-0.004931349,0.019730442,-0.006033266,-0.020317361,-9.73E-05
Zhaoqing,2003,441200,0,0,2.242284643,3.53032779,0.00463918,0.261817288,6.668750627,4.116287882,0.001291174,1.651695795,0.477121255,1.328187102,1.064735369,2.64044752,1.498172661,4.356981401,0.729093584,-0.367475483,-0.001948921,0.007890509,0.005752919,-0.002899569,-1.54E-05
Huizhou,2003,441300,0,0,2.692273985,3.255031163,0.002890773,0.203751244,6.7715708,4.122778621,0.002052113,1.380193548,0.301029996,1.312334708,1.175074958,3.244094364,1.407730728,3.900257858,1.179082927,-0.64277211,-0.003697328,-0.050175535,-0.059161116,0.032251434,0.000185515
Meizhou,2003,441400,0,0,1.523204388,3.949438801,0.003502394,0.26878759,6.356095492,4.07440608,0.001499998,1.340503126,0.301029996,1.289728068,1.117996444,2.327517622,1.469674773,4.467903947,0.01001333,0.051635528,-0.003085707,0.014860811,0.000148806,0.000767346,-4.59E-05
Shanwei,2003,441500,0,0,1.627500891,2.836324116,0.002507274,0.27230968,6.27168644,4.058386541,0.001245251,0.88095531,0.301029996,1.378395054,1.072587736,2.274181975,1.016615548,2.966141733,0.114309832,-1.061479157,-0.004080827,0.018382901,0.002101346,-0.019513066,-7.50E-05
Heyuan,2003,441600,0,0,1.728989236,3.105510185,0.004367549,0.271570396,6.136250831,4.096788394,0.001749092,0.851039895,0.301029996,1.305257028,0.885363183,2.245713865,1.080987047,3.495960395,0.215798177,-0.792293088,-0.002220552,0.017643617,0.00380746,-0.013978916,-3.92E-05
Yangjiang,2003,441700,4,0.698970004,1.716645514,2.768638101,0.002084201,0.272884097,6.367100675,4.030036758,0.010169661,1.167481114,0.301029996,1.333572755,0.886740358,1.654722628,1.174641193,3.715167358,0.203454456,-1.129165172,-0.0045039,0.018957318,0.003856951,-0.021405943,-8.54E-05
Qingyuan,2003,441800,2,0.477121255,1.673903915,3.036628895,0.001993704,0.265927831,6.294025094,4.14490004,0.001185877,0,0,1.323843999,0.954148457,2.149023191,1.120902818,4.322715348,0.160712857,-0.861174378,-0.004594397,0.012001052,0.001928723,-0.010334999,-5.51E-05
Dongguan,2003,441900,11,1.079181246,3.043135146,3.10754913,0.002983145,0.254430729,6.976792532,4.354102482,0.001362816,1.646467368,0.301029996,1.346732497,1.391661282,3.363143794,1.187802639,5.260121496,1.529944087,-0.790254143,-0.003604956,0.00050395,0.000771016,-0.000398249,-1.82E-06
Zhongshan,2003,442000,4,0.698970004,2.837360259,3.117933835,0.00350348,0.228630337,6.700188141,4.30917541,0.002159793,1.529120953,0.301029996,1.329875939,1.281154413,3.335338509,0.959041392,4.345785282,1.324169201,-0.779869438,-0.003084621,-0.025296442,-0.03349677,0.019727922,7.80E-05
Chaozhou,2003,445100,0,0,1.689340959,2.322219295,0.004827607,0.26889288,6.373749788,4.028587518,0.001107346,1.56331903,0.301029996,1.343460422,1.063193141,2.539050894,1.63738965,3.488973525,0.1761499,-1.575583978,-0.001760494,0.014966101,0.002636277,-0.023580349,-2.63E-05
Jieyang,2003,445200,0,0,1.398470363,0,0.003038554,0.270663659,6.688280345,4.006218659,0.000644043,1.069078886,0.477121255,1.392469374,0.691229539,2.045591887,1.14332713,3.242292905,-0.114720695,-3.897803273,-0.003549546,0.01673688,-0.001920066,-0.065237065,-5.94E-05
Yunfu,2003,445300,1,0.301029996,1.238635249,3.108565024,0.001338351,0.259867452,6.331834674,4.066240549,0.001570411,1.066378427,0.301029996,1.3385928,0.953828614,0,1.355259906,4.366310867,-0.27455581,-0.789238249,-0.00524975,0.005940673,-0.001631046,-0.004688607,-3.12E-05
Nanning,2003,450100,5,0.77815125,1.215277986,3.120902818,0.015583904,0.277363422,6.701159574,4.11966524,0.001694105,2.244406273,1.322219295,1.332838954,1.213293656,2.752337374,1.557747742,4.641880452,-0.297913072,-0.776900455,0.008995803,0.023436643,-0.006982082,-0.018207939,0.000210831
Liuzhou,2003,450200,1,0.301029996,1.275443107,2.989004616,0.005322031,0.261955345,6.514110183,4.151575149,0.002417819,1.902106872,0.84509804,1.291669628,1.159230189,2.824864519,1.504198919,4.94457643,-0.237747952,-0.908798657,-0.00126607,0.008028566,-0.001908775,-0.00729635,-1.02E-05
Guilin,2003,450300,0,0,1.144727376,3.106870544,0.006464677,0.272613277,6.589153857,4.089184928,0.001525102,2.080522646,0.903089987,1.286952473,1.168433934,2.60266273,1.484869033,4.75947898,-0.368463683,-0.790932728,-0.000123424,0.018686498,-0.006885296,-0.014779763,-2.31E-06
Wuzhou,2003,450400,0,0,1.466290524,2.380211242,0.004827121,0.271744854,6.209509385,4.032126174,0.001165318,1.350382273,0.301029996,1.370081525,1.029550554,2.381036648,1.537944959,4.221805318,-0.046900534,-1.517592031,-0.00176098,0.017818075,-0.000835677,-0.027040569,-3.14E-05
Beihai,2003,450500,0,0,1.331503645,2.340444115,0.00775954,0.27787823,6.14657141,4.066584189,0.002474367,1.049995652,0.602059991,1.348732357,1.193723196,1.899232476,1.824971461,4.427924078,-0.181687414,-1.557359158,0.00117144,0.023951451,-0.004351677,-0.037301012,2.81E-05
Fangchenggang,2003,450600,0,0,1.537423786,1.740362689,0.004002742,0.274982546,5.857193741,4.061129654,0.001635504,0,0,1.314681262,1.082678386,2.657564486,0.767155866,3.637089274,0.024232728,-2.157440583,-0.002585359,0.021055767,0.000510239,-0.045426566,-5.44E-05
Qinzhou,2003,450700,0,0,0.511619388,2.380211242,0.004575577,0.268250872,6.191266246,3.963561652,0.001085603,1.030782357,0.301029996,1.388862543,0.785673479,2.256063804,1.295127085,4.340682019,-1.001571671,-1.517592031,-0.002012524,0.014324093,-0.014346606,-0.02173813,-2.88E-05
Guigang,2003,450800,0,0,0.806195844,1.934498451,0.004361674,0.264035089,6.128386343,3.987627838,0.000544339,0,0,1.361178405,0.778958425,1.963789333,0.792391689,4.722921712,-0.706995215,-1.963304822,-0.002226427,0.01010831,-0.007146527,-0.019845694,-2.25E-05
Yulin,2003,450900,0,0,0.892477871,2.359835482,0.00448308,0.268120434,6.388738493,4.015433948,0.001074332,1.228067779,0.301029996,1.358362071,0.913206137,1.928853501,1.146438135,4.797738291,-0.620713187,-1.537967791,-0.002105021,0.014193655,-0.008810189,-0.021829384,-2.99E-05
Baise,2003,451000,4,0.698970004,0.712715852,2.558708571,0.003681524,0.269031212,6.210914563,4.07620411,0.000848216,1.358503578,0.477121255,1.338042337,1.014494364,2.067540199,1.533009022,4.671570841,-0.800475206,-1.339094702,-0.002906577,0.015104433,-0.012090724,-0.020226267,-4.39E-05
Hezhou,2003,451100,0,0,1.022454668,2.311753861,0.007409943,0.269819317,6.060624948,4.024117305,0.001175375,1.323167187,0.301029996,1.336670436,0.951753683,1.588964598,0.851869601,4.23001441,-0.490736391,-1.586049412,0.000821843,0.015892538,-0.007799047,-0.02520635,1.31E-05
Hechi,2003,451200,0,0,0.311726058,2.681241237,0.004980496,0.272639731,6.156162536,4.049970019,0.001647418,1.10320195,0.301029996,1.313338663,0.91889952,2.144937673,2.138649995,4.651278014,-1.201465,-1.216562036,-0.001607605,0.018712952,-0.022482957,-0.022765467,-3.01E-05
Laibin,2003,451300,2,0.477121255,0.133682241,2.31386722,0.003350408,0.268798036,6.076358224,4.055143917,0.0010685,1.230737631,0.301029996,1.418241341,0.953823283,1.662127033,0.396199347,5.280293755,-1.379508817,-1.583936053,-0.003237693,0.014871257,-0.020515031,-0.023555121,-4.81E-05
Chongzuo,2003,451400,1,0.301029996,0.291502464,2.334453751,0.000708128,0.141752318,6.027290067,3.979979269,0.001105244,0,0,1.318514215,0.8805442,2.007161214,1.211120541,3.89181612,-1.221688594,-1.563349522,-0.005879973,-0.112174461,0.137042259,0.17536789,0.000659583
Haikou,2003,460100,1,0.301029996,2.300939346,2.51851394,0.011177661,0.280744059,6.359569135,1.205745541,0.004615063,2.338424575,0.77815125,1.271094175,1.327124309,3.291502107,1.225050696,2.73239376,0.787748287,-1.379289333,0.00458956,0.02681728,0.021125267,-0.036988789,0.00012308
Sanya,2003,460200,0,0,2.570434266,1.977723605,0.003499572,0.275189035,5.61453867,4.063744562,0.001090614,0.858028614,0.301029996,1.291975918,1.28504927,2.203472562,1.265289626,2.725094521,1.057243208,-1.920079668,-0.003088529,0.021262256,0.022479375,-0.040825225,-6.57E-05
Sansha,2003,460300,0,0,0,0,0,0,0,0,0,0,0,0,0,0,0,0,-1.513191059,-3.897803273,-0.006588101,-0.253926779,0.384239731,0.98975663,0.001672895
Danzhou,2003,460400,0,0,0,0,0,0,0,0,0,0,0,0,0,0,0,0,-1.513191059,-3.897803273,-0.006588101,-0.253926779,0.384239731,0.98975663,0.001672895
Chongqing,2003,500000,2,0.477121255,1.039002179,3.937868797,0.012136029,0.271261578,7.352290615,4.094842025,0.002236162,1.916727742,1.531478917,1.290814756,1.10923033,2.478091451,1.071882007,5.777908702,-0.47418888,0.040065524,0.005547928,0.017334799,-0.008219969,0.000694528,9.62E-05
Chengdu,2003,510100,8,0.954242509,1.620590409,3.620552445,0.018628851,0.26831322,7.272028452,4.183995435,0.00273398,2.460870098,1.477121255,1.238588553,1.396883419,2.899066767,1.424718337,5.139869645,0.107399351,-0.277250828,0.01204075,0.014386441,0.001545094,-0.003988653,0.000173224
Zigong,2003,510300,0,0,0.831344665,2.997823081,0.003518473,0.265079694,6.30704525,4.031546609,0.002280899,1.897236361,0.477121255,1.304872819,1.163117099,2.120769019,1.052693942,4.503000338,-0.681846393,-0.899980192,-0.003069628,0.011152915,-0.007604575,-0.010037403,-3.42E-05
Panzhihua,2003,510400,0,0,1.311652094,3.132579848,0.002817993,0.237835896,6.215553234,4.174393036,0.005665,1.96372647,0.477121255,1.194868199,1.513808391,2.589930254,1.396373728,4.927621832,-0.201538965,-0.765223425,-0.003770108,-0.016090883,0.00324294,0.012313121,6.07E-05
Luzhou,2003,510500,0,0,0.377774973,2.86569606,0.004231423,0.270192873,6.335248225,4.042307293,0,1.556042106,0.698970004,1.311642853,0.931764977,1.352788709,1.109915863,4.22837469,-1.135416086,-1.032107213,-0.002356678,0.016266094,-0.018468785,-0.016788353,-3.83E-05
Deyang,2003,510600,0,0,1.059087882,2.760422483,0.00413796,0.258805065,6.550688461,4.146564282,0.001468062,1.578977166,0.602059991,1.286839049,1.169247258,1.719411288,1.102090526,4.2999429,-0.454103177,-1.13738079,-0.00245014,0.004878286,-0.002215245,-0.005548469,-1.20E-05
Mianyang,2003,510700,0,0,0.523648649,2.939019776,0.02619924,0.263387253,6.598330042,4.058735691,0.002579796,1.966470207,0.77815125,1.280338852,1.014119321,1.814275576,1.281033367,4.818575564,-0.98954241,-0.958783496,0.01961114,0.009460474,-0.00936154,-0.009070546,0.000185531
Guangyuan,2003,510800,0,0,0,2.599883072,0.00408339,0.271992169,6.017359773,3.971633438,0.001710212,0,0,1.323877226,1.134440274,1.913038436,1.062581984,4.563896196,-1.513191059,-1.297920201,-0.002504711,0.01806539,-0.027336387,-0.023447435,-4.52E-05
Suining,2003,510900,0,0,0.778343408,2.372912003,0.001275462,0.262737421,6.201910599,3.946336798,0.003057298,1.100319289,0.301029996,1.355837641,0.973196549,1.188639528,0.760422483,3.858115932,-0.734847651,-1.52489127,-0.005312639,0.008810642,-0.006474479,-0.013435271,-4.68E-05
Neijiang,2003,511000,0,0,0.385017205,2.630427875,0.003318967,0.267246126,6.301722144,4.007610386,0,1.441832607,0.301029996,1.35940004,1.018937438,2.070093798,0.645422269,5.08466563,-1.128173853,-1.267375398,-0.003269134,0.013319347,-0.015026539,-0.016880612,-4.35E-05
Leshan,2003,511100,0,0,1.385771839,2.870403905,0.00509816,0.270757258,6.3335716,4.022137094,0.001679432,1.429584265,0.301029996,1.248865516,1.20486502,2.403674403,1.219846386,4.917983128,-0.12741922,-1.027399368,-0.001489941,0.016830479,-0.002144527,-0.017291624,-2.51E-05
Nanchong,2003,511300,0,0,0.6515885,3.002166062,0.003136972,0.264937452,6.398501969,3.980904677,0.001136935,1.922774101,0.698970004,1.331675474,0.990173666,1.742760812,1.001733713,3.835627166,-0.861602558,-0.895637211,-0.003451129,0.011010673,-0.009486824,-0.009861569,-3.80E-05
Meishan,2003,511400,0,0,0.588798604,2.481442629,0.004422935,0.267469777,6.240681014,4.032870079,0.001291298,0.849634626,0.301029996,1.29529594,1.106433602,1.504294181,0.912222057,4.296533566,-0.924392454,-1.416360644,-0.002165166,0.013542998,-0.012519045,-0.019181769,-2.93E-05
Yibin,2003,511500,0,0,0.302709077,2.878521796,0.002244421,0.265600904,6.463923284,4.05234067,0.00165472,1.371364701,0.477121255,1.326656003,1.014749369,1.128918199,1.031812271,5.194614232,-1.210481982,-1.019281477,-0.00434368,0.011674125,-0.014131318,-0.011899219,-5.07E-05
Guangan,2003,511600,4,0.698970004,0.690933112,2.414973348,0.00393742,0.265515528,6.246368322,4.045728913,0.003023884,0,0,1.346269465,0.90081954,1.760442689,1.158060794,4.820608625,-0.822257947,-1.482829925,-0.002650681,0.011588749,-0.009528941,-0.017184145,-3.07E-05
Dazhou,2003,511700,0,0,0.059934616,2.90579588,0.004677063,0.276645787,6.406778721,3.985856065,0.001928772,0.911709331,0.477121255,1.3784547,1.098053431,1.824841962,1.215373153,5.093425188,-1.453256442,-0.992007393,-0.001911038,0.022719008,-0.033016545,-0.022537424,-4.34E-05
Yaan,2003,511800,0,0,0.385601022,2.62838893,0.003899416,0.271904468,6.001489678,4.044587185,0.002451941,1.976644683,0.477121255,1.284577441,1.330114194,2.275316996,0.649334859,3.697316542,-1.127590036,-1.269414343,-0.002688685,0.017977689,-0.020271463,-0.022821136,-4.83E-05
Bazhong,2003,511900,0,0,0,2.424881637,0.002614271,0.272306769,6.034356486,3.986253406,0.001295242,0,0,1.400713179,1.17537184,1.827257233,0.602059991,2.798650645,-1.513191059,-1.472921636,-0.00397383,0.01837999,-0.027812437,-0.027072285,-7.30E-05
Ziyang,2003,512000,0,0,0.673609658,2.303196057,0.001837638,0.266534466,6.288805714,4.053091511,0.000879153,0,0,1.387301392,1.080495313,1.732258314,0.586587305,4.323417121,-0.8395814,-1.594607216,-0.004750463,0.012607687,-0.01058518,-0.020104309,-5.99E-05
Guiyang,2003,520100,0,0,1.356499265,3.245265839,0.010748164,0.269779396,6.580832864,4.085721091,0.003912833,2.804447811,1.278753601,1.268363992,1.289717401,2.949416126,2.026737494,5.313531883,-0.156691794,-0.652537433,0.004160063,0.015852617,-0.002483975,-0.010344426,6.59E-05
Liupanshui,2003,520200,0,0,0.835944646,2.5289167,0.003028213,0.260655419,6.068490503,4.069068401,0.001485622,1.275841155,0.477121255,1.400988521,0.99991391,1.945830825,0.701567985,4.844042042,-0.677246413,-1.368886573,-0.003559888,0.00672864,-0.004556948,-0.009210746,-2.40E-05
Zunyi,2003,520300,0,0,0.394731027,2.954242509,0.003378426,0.268509068,6.487880851,4.033278162,0.001325052,1.3022464,0.477121255,1.346181119,0.77935693,2.086280885,1.396199347,4.834420704,-1.118460032,-0.943560763,-0.003209675,0.014582289,-0.016309707,-0.013759276,-4.68E-05
Anshun,2003,520400,0,0,0.068777523,2.703291378,0.004109484,0.273468909,5.896254423,1.033825694,0.001255366,1.654098949,0.77815125,1.343398081,0.961362658,1.455135131,0.586587305,4.754890865,-1.444413536,-1.194511895,-0.002478617,0.01954213,-0.028226918,-0.023343307,-4.84E-05
Bijie,2003,520500,0,0,0,0,0,0,0,0,0,0,0,0,0,0,0,0,-1.513191059,-3.897803273,-0.006588101,-0.253926779,0.384239731,0.98975663,0.001672895
Tongren,2003,520600,0,0,0,0,0,0,0,0,0,0,0,0,0,0,0,0,-1.513191059,-3.897803273,-0.006588101,-0.253926779,0.384239731,0.98975663,0.001672895
Kunming,2003,530100,3,0.602059991,1.052299781,3.432327792,0.021154076,0.274897051,6.909562554,4.154000733,0.001640537,2.434201807,1.361727836,1.225484462,1.457673866,2.538573147,1.386142109,4.887982809,-0.460891277,-0.465475481,0.014565975,0.020970272,-0.009665016,-0.009761148,0.000305452
Qujing,2003,530300,0,0,0.791493558,2.843855423,0.004822567,0.266622054,6.449649769,4.113147865,0.001325106,0.992056651,0.301029996,1.330790693,1.215441496,2.224499037,1.031408464,4.700357528,-0.7216975,-1.05394785,-0.001765534,0.012695275,-0.009162148,-0.013380158,-2.24E-05
Yuxi,2003,530400,0,0,0.705834619,2.914343157,0.005308478,0.273568824,6.457085061,4.136080383,0.000760734,1.673547942,0.477121255,1.232770025,1.254460033,2.690203277,1.248708736,3.920123326,-0.807356439,-0.983460116,-0.001279623,0.019642045,-0.015858132,-0.019317168,-2.51E-05
Baoshan,2003,530500,0,0,0.410199676,2.598790507,0.005841607,0.270314831,5.941014741,4.047616326,0.001149517,0.997953047,0.301029996,1.305898998,1.061466661,2.051227142,0.432969291,3.656194062,-1.102991383,-1.299012766,-0.000746494,0.016388052,-0.01807588,-0.021288289,-1.22E-05
Zhaotong,2003,530600,0,0,0.059885236,2.846337112,0.003583535,0.270493274,6.083703596,4.066232719,0.001837836,0.88518688,0.301029996,1.368441535,0.720990595,1.984116482,0.631443769,3.68770728,-1.453305823,-1.051466161,-0.003004565,0.016566495,-0.024076184,-0.017419109,-4.98E-05
Lijiang,2003,530700,0,0,0.438216128,3.009450896,0.007579503,0.271280562,5.617053838,4.095001182,0.000918623,1.446913965,0.301029996,1.244998255,1.055352087,2.63349987,1.562411833,2.787460475,-1.074974931,-0.888352377,0.000991402,0.017353783,-0.018654882,-0.015416275,1.72E-05
Puer,2003,530800,0,0,0.306123392,2.876217841,0.006114658,0.269353231,5.886463087,4.02983975,0.000955142,1.022855885,0.301029996,1.266108784,0.901755603,1.915184161,0.7355989,4.009578361,-1.207067667,-1.021585432,-0.000473443,0.015426452,-0.018620772,-0.015759439,-7.30E-06
Lincang,2003,530900,0,0,0.180763421,2.760422483,0.003939206,0.266376982,5.864239859,4.06482212,0.001153064,0.992603039,0.301029996,1.245337936,0.931486372,1.646658137,0.710963119,3.492341253,-1.332427638,-1.13738079,-0.002648895,0.012450203,-0.016588995,-0.014160622,-3.30E-05
Lasa,2003,540100,0,0,0,0,0,0,0,0,0,0,0,0,0,0,0,0,-1.513191059,-3.897803273,-0.006588101,-0.253926779,0.384239731,0.98975663,0.001672895
Rikaze,2003,540200,0,0,0,0,0,0,0,0,0,0,0,0,0,0,0,0,-1.513191059,-3.897803273,-0.006588101,-0.253926779,0.384239731,0.98975663,0.001672895
Changdu,2003,540300,0,0,0,0,0,0,0,0,0,0,0,0,0,0,0,0,-1.513191059,-3.897803273,-0.006588101,-0.253926779,0.384239731,0.98975663,0.001672895
Linzhi,2003,540400,0,0,0,0,0,0,0,0,0,0,0,0,0,0,0,0,-1.513191059,-3.897803273,-0.006588101,-0.253926779,0.384239731,0.98975663,0.001672895
Shannan,2003,540500,0,0,0,0,0,0,0,0,0,0,0,0,0,0,0,0,-1.513191059,-3.897803273,-0.006588101,-0.253926779,0.384239731,0.98975663,0.001672895
Naqu,2003,540600,1,0.301029996,0,0,0,0,0,0,0,0,0,0,0,0,0,0,-1.513191059,-3.897803273,-0.006588101,-0.253926779,0.384239731,0.98975663,0.001672895
Xian,2003,610100,0,0,1.56425457,3.170261715,0.027125175,0.260964659,6.973866496,4.130519028,0.005121244,2.748849628,1.579783597,1.295286502,1.385049384,3.118490864,0.992111488,4.855821905,0.051063512,-0.727541558,0.020537074,0.00703788,0.000359379,-0.00512035,0.000144537
Tongchuan,2003,610200,0,0,0.572726115,2,0.005025643,0.260722363,5.687396066,3.964880684,0.002182527,0,0,1.333486916,1.393047295,2.03472137,1.371990911,3.960470778,-0.940464944,-1.897803273,-0.001562458,0.006795584,-0.006391009,-0.012896682,-1.06E-05
Baoji,2003,610300,1,0.301029996,0,2.913813852,0.004012286,0.255183561,6.416840303,4.028655013,0.00294276,1.579637248,0.477121255,1.306682819,1.09590089,2.033372268,1.274157849,4.859102255,-1.513191059,-0.983989421,-0.002575815,0.001256782,-0.001901752,-0.00123666,-3.24E-06
Xianyang,2003,610400,5,0.77815125,0.736989004,2.530199698,0.007072808,0.265120623,6.458854112,4.000548602,0.0019914,2.060340735,1.041392685,1.336598301,1.114638679,2.135639902,1.191171456,5.093579263,-0.776202054,-1.367603575,0.000484707,0.011193844,-0.008688685,-0.015308742,5.43E-06
Weinan,2003,610500,0,0,0.636859636,2.740362689,0.008878993,0.276479296,6.316936676,3.972227377,0.001401462,1.608605681,0.477121255,1.310965611,1.011600237,2.507098063,0.426511261,5.38714235,-0.876331422,-1.157440583,0.002290892,0.022552517,-0.019763479,-0.026103198,5.17E-05
Yanan,2003,610600,2,0.477121255,0.542844249,2.853698212,0.004881071,0.272294621,6.154606843,4.052921223,0.002172892,1.579362615,0.301029996,1.305351369,1.164454694,2.19309007,0.821513528,3.684935083,-0.97034681,-1.044105061,-0.00170703,0.018367842,-0.017823177,-0.019177957,-3.14E-05
Hanzhong,2003,610700,0,0,0.589838873,2.5774918,0.006828105,0.267375661,6.213369248,3.974204861,0.002569903,1.647852203,0.301029996,1.301277621,1.239512338,2.251979729,0.805500858,4.65255575,-0.923352185,-1.320311473,0.000240004,0.013448882,-0.012418055,-0.017756713,3.23E-06
Yulin2,2003,610800,0,0,0.726785869,2.911690159,0.006829017,0.268813667,6.140200283,4.007217171,0.001217325,1.675437617,0.477121255,1.367635447,0.999264765,1.644216494,1.20871002,4.666733202,-0.78640519,-0.986113114,0.000240916,0.014886888,-0.011707126,-0.014680156,3.59E-06
Ankang,2003,610900,0,0,0.098661025,2.665580991,0.00751157,0.26859893,6.015364367,4.000157186,0.001201117,1.233482435,0.602059991,1.344150109,1.01186713,1.546464952,0.895422546,3.617838748,-1.414530034,-1.232222282,0.000923469,0.014672151,-0.020754198,-0.018079351,1.35E-05
Shangluo,2003,611000,0,0,0.460343845,2.477121255,0.006008782,0.274467409,5.87846492,3.947704214,0.000990341,1.249391477,0.301029996,1.317650137,1.126285246,1.736321003,0.84509804,3.893262286,-1.052847213,-1.420682018,-0.000579319,0.02054063,-0.021626145,-0.029181704,-1.19E-05
Lanzhou,2003,620100,5,0.77815125,0,3.196452542,0.019403261,0.265418105,6.643532027,4.13000036,0.002177704,2.632812777,1.301029996,1.275091395,1.468452928,2.839460701,1.087071206,4.772167622,-1.513191059,-0.701350731,0.01281516,0.011491326,-0.017388572,-0.00805945,0.000147263
Jiayuguan,2003,620200,0,0,0,1.568201724,0.000966173,0.152293775,5.502060956,4.23841773,0.008540345,0,0,1.193677778,1.450940968,3.005309735,1.760196229,4.163071882,-1.513191059,-2.329601549,-0.005621928,-0.101633004,0.153790152,0.236764402,0.000571373
Jinchang,2003,620300,0,0,0,1.973127854,0.006622801,0.220722288,5.733664222,4.178866202,0.00562444,0,0,1.318514215,1.383465895,1.992388493,1.367169489,5.10968989,-1.513191059,-1.924675419,3.47E-05,-0.033204491,0.050244739,0.063907868,-1.15E-06
Baiyin,2003,620400,0,0,0.232579935,2.240549248,0.003013093,0.259780324,6.022612278,4.068047014,0.002200653,0,0,1.31403254,1.20198881,2.14196414,1.218010043,5.083935981,-1.280611123,-1.657254025,-0.003575008,0.005853545,-0.007496114,-0.00970081,-2.09E-05
Tianshui,2003,620500,0,0,0,2.387389826,0.013031041,0.268128732,6.033482462,3.981675479,0.00474862,1.574973119,0.602059991,1.36436751,1.261587027,1.873578418,0.673020907,3.768490105,-1.513191059,-1.510413447,0.00644294,0.014201953,-0.021490268,-0.02145082,9.15E-05
Wuwei,2003,620600,1,0.301029996,0.233211887,2.025305865,0.007082177,0.27775439,5.954294622,3.951869131,0.001362025,1.371684762,0.301029996,1.301068505,1.209956103,1.737211348,0.403120521,3.433929766,-1.279979172,-1.872497408,0.000494076,0.023827611,-0.030498846,-0.04461714,1.18E-05
Zhangye,2003,620700,0,0,0.470657667,2.685741739,0.014160377,0.275785916,5.923057927,3.999907051,0.001828395,1.864057859,0.477121255,1.261766053,1.373215772,2.17808014,0.838219222,3.836070809,-1.042533392,-1.212061534,0.007572276,0.021859137,-0.02278888,-0.026494619,0.000165523
Pingliang,2003,620800,0,0,0,2.660865478,0.011808224,0.274650036,5.90636306,4.043254182,0.001546425,0.334594114,0.301029996,1.304540769,1.323000119,1.835579318,0.893761762,4.204852237,-1.513191059,-1.236937795,0.005220123,0.020723257,-0.031358247,-0.02563338,0.000108178
Jiuquan,2003,620900,0,0,0.775621864,2.675778342,0.008390292,0.28018475,6.028105804,4.162176833,0.002310961,1.029008846,0.301029996,1.262374263,1.232546779,2.479319939,1.028571253,3.900421753,-0.737569195,-1.222024931,0.001802191,0.026257971,-0.01936707,-0.032087895,4.73E-05
Qingyang,2003,621000,0,0,0.066033733,2.752048448,0.003982351,0.26208768,5.952752256,4.035457356,0.001328392,1.471822831,0.477121255,1.352931362,0.967238117,1.714572009,0.770115295,3.431524584,-1.447157326,-1.145754825,-0.00260575,0.008160901,-0.011810107,-0.009350391,-2.13E-05
Dingxi,2003,621100,0,0,0.112921954,2.664641976,0.003982351,0.270846261,5.748543848,4.039514451,0.000543645,0.806113564,0.477121255,1.325041932,0.920425828,1.753823491,0.604226053,3.180985581,-1.400269105,-1.233161297,-0.00260575,0.016919482,-0.023691828,-0.02086445,-4.41E-05
Longnan,2003,621200,0,0,0,0,0,0,0,0,0,0,0,0,0,0,0,0,-1.513191059,-3.897803273,-0.006588101,-0.253926779,0.384239731,0.98975663,0.001672895
Xining,2003,630100,0,0,0.679965425,2.426511261,0.015559084,0.278185888,6.160867227,4.165253825,0.003755217,2.108743569,1,1.235054246,1.313619062,2.228513623,1.181843588,4.648213595,-0.833225634,-1.471292012,0.008970983,0.024259109,-0.020213312,-0.035692234,0.000217628
Haidong,2003,630200,0,0,0,0,0,0,0,0,0,0,0,0,0,0,0,0,-1.513191059,-3.897803273,-0.006588101,-0.253926779,0.384239731,0.98975663,0.001672895
Yinchuan,2003,640100,0,0,1.354827904,2.596597096,0.015401077,0.278060865,6.195303402,4.130271998,0.003973385,2.367813638,1,1.269933979,1.446075694,3.053279823,1.615002615,4.163042047,-0.158363154,-1.301206177,0.008812976,0.024134086,-0.00382195,-0.031403422,0.000212693
Shizuishan,2003,640200,0,0,0.965861021,2.209515015,0.003284793,0.256884132,5.840175124,4.083260681,0.00522379,0,0,1.199305273,1.338778276,2.700504209,1.731346976,5.047048898,-0.547330037,-1.688288258,-0.003303308,0.002957353,-0.001618648,-0.004992865,-9.77E-06
Wuzhong,2003,640300,0,0,0,2.318063335,0.002070185,0.2726248,6.103922366,4.031858282,0.001965421,1.097386507,0.301029996,1.215378455,1.330867804,1.742632173,0.597695186,5.050139919,-1.513191059,-1.579739938,-0.004517916,0.018698021,-0.028293679,-0.029538011,-8.45E-05
Guyuan,2003,640400,0,0,0.963233056,2.451786436,0.003340743,0.264047604,5.575117382,4.132327583,0.000756114,1.440047196,0.301029996,1.319060925,1.306570299,1.759491079,0.844477176,2.85672889,-0.549958003,-1.446016837,-0.003247358,0.010120825,-0.005566029,-0.014634884,-3.29E-05
Zhongwei,2003,640500,0,0,0,0,0,0,0,0,0,0,0,0,0,0,0,0,-1.513191059,-3.897803273,-0.006588101,-0.253926779,0.384239731,0.98975663,0.001672895
Wulumuqi,2003,650100,0,0,0.940129027,2.878521796,0.014757873,0.279344817,6.611280824,4.217756017,0.005481209,2.677004663,1.146128036,1.198762872,1.651223861,2.713862989,1.33304403,4.847572659,-0.573062032,-1.019281477,0.008169772,0.025418038,-0.014566113,-0.025908135,0.00020766
Kelamayi,2003,650200,0,0,0,2.959994838,0.003026455,0.23545244,6.334997887,4.339492384,0.003121072,1.71117292,0.301029996,1.144157166,1.527789907,2.867051331,1.707570176,4.073608388,-1.513191059,-0.937808435,-0.003561646,-0.018474339,0.027955204,0.01732539,6.58E-05
Tulufan,2003,650400,0,0,0,0,0,0,0,0,0,0,0,0,0,0,0,0,-1.513191059,-3.897803273,-0.006588101,-0.253926779,0.384239731,0.98975663,0.001672895
Hami,2003,650500,0,0,0,0,0,0,0,0,0,0,0,0,0,0,0,0,-1.513191059,-3.897803273,-0.006588101,-0.253926779,0.384239731,0.98975663,0.001672895